Assay ID - IEDB IRI,Epitope - Name,Assay - Qualitative Measurement
http://www.iedb.org/assay/1484979,DAGKKASWDAPKVWGLR,Positive
http://www.iedb.org/assay/1542507,HPPSYVYSQFEKSYRHKR,Positive
http://www.iedb.org/assay/1553882,HSPSYVYGLFERSNRHKR,Positive
http://www.iedb.org/assay/1556107,HSPSYVYHQFERRAKYKR,Positive
http://www.iedb.org/assay/1688432,TNKTNPIGRLLV,Negative
http://www.iedb.org/assay/1821506,ASQHKLTLSEVTGQGL,Positive
http://www.iedb.org/assay/1821507,SVSALEKSLTSLSEVV,Positive
http://www.iedb.org/assay/1821508,TGTTALVATKQFEQLQ,Positive
http://www.iedb.org/assay/1821509,MSKLLATVVSGQRQ,Positive
http://www.iedb.org/assay/1821542,SPTAPILPSGPSTQPPPR,Positive
http://www.iedb.org/assay/1821562,ASQHKLTLSEVTGQGL,Positive-High
http://www.iedb.org/assay/1821563,SVSALEKSLTSLSEVV,Positive-Low
http://www.iedb.org/assay/1821564,TGTTALVATKQFEQLQ,Positive-Intermediate
http://www.iedb.org/assay/1821565,MSKLLATVVSGQRQ,Positive-High
http://www.iedb.org/assay/1821598,SPTAPILPSGPSTQPPPR,Negative
http://www.iedb.org/assay/2371127,IRLKITDSGPRVPIG,Positive
http://www.iedb.org/assay/2371145,IRLKITDSGPRVPIG,Positive-High
http://www.iedb.org/assay/2371579,SPSYVYHQFERRAKYK,Positive
http://www.iedb.org/assay/2371580,SPSYVYHQFERRAKYKREPVSL,Positive
http://www.iedb.org/assay/2371581,SPSYVYHQFERRAK,Positive
http://www.iedb.org/assay/2394327,VSALEKSLTSLSEVVL,Positive
http://www.iedb.org/assay/2394365,LVGDHWDDPEPDIGDG,Positive
http://www.iedb.org/assay/2423662,HNEGFYVCPGPHRP,Positive
http://www.iedb.org/assay/2423663,SPSYVYHQFERRAKYK,Positive
http://www.iedb.org/assay/2423675,HNEGFYVCPGPHR,Positive
http://www.iedb.org/assay/2423679,SPSYVYHQFERRAKY,Positive
http://www.iedb.org/assay/2423680,SPSYVYHQFERRAK,Positive
