Epitope - Name,Score
AAMQIIRDI,0/1
AAPQFSLW,0/1
AAPQFSLWR,0/1
AAPTSAPV,2/2
AAPTSAPVS,0/1
ACNVSRLKINRKDYTGIYQV,0/0
ADASTPESA,0/1
ADASTPESANL,0/2
ADDSIVTGI,1/3
ADDSIVTGIEL,0/2
ADELEKIRL,0/2
ADILLHSTY,0/2
ADILLHSTYF,0/2
ADTSRIGNCGPTIFLGVLED,0/0
ADWDLQHPQPA,0/1
AEAEYEENKI,1/3
AEAEYEENKII,2/4
AEALKEAL,0/2
AEALKEALAPV,1/2
AEEREKLAY,0/1
AEHLKTAV,2/2
AELEAFLM,2/2
AELEAFLMAL,2/3
AELYRLEL,2/3
AELYRLELGDY,0/3
AENRTYIY,0/3
AENRTYIYW,0/2
AEPGKRYI,0/2
AEPGKRYIY,0/2
AEPGKRYIYKV,1/3
AEQTDAAV,0/1
AEQTDAAVKNW,0/1
AERKQREAL,1/3
AERLINMI,2/3
AETGQETA,0/2
AETGQETAY,0/2
AEVAELYRL,1/4
AEVAELYRLEL,1/3
AEVVPGFQAL,1/3
AEYEENKI,1/3
AEYEENKII,2/3
AEYEENKIIL,1/3
AGFLGLGPW,0/1
AIDMSHFIKEK,0/0
AIKKKDKNKW,0/1
AILLLSVYGIYCTLY,0/0
AIPPSRSM,0/2
AIPPSRSML,1/2
AKCPDRQAGF,0/1
AKLRQGYRPVF,0/1
AKTRIINRRKRELS,0/0
ALADRIYSF,0/2
ALAPVPIPF,0/1
ALAPVPIPFAAAQQR,0/0
ALFLLKLAGRW,0/1
ALGKLAAIKAKSPRA,0/0
ALGMSLNF,0/1
ALGMSLNFPIAKVEP,0/0
ALKHFDPRLLTALGN,0/0
ALLRCNDTNY,0/1
ALNVTESF,0/1
ALNVTESFDAW,0/1
ALQGGDRGF,0/1
ALTEVNKIMEVQNHTFEVEN,0/0
ANEECRNAMRHLRPEDTLEEKMYACRDIG,0/0
ANFPGLAKVLGILA,0/0
ANPDVTLV,0/1
ANPDVTLVQY,0/1
ANTSRIGNCGPTIFLGVLED,0/0
APPEDPAV,0/1
APPEDPAVDL,0/1
APPEDPAVDLL,0/1
APPGYALL,1/1
APPGYALLR,0/1
APPTNPYNT,0/1
APPTNPYNTPT,1/1
AQFGKDLWSHIGNWIPGLGA,0/0
AQTSKWDDPW,0/1
AQTSQWDDPW,0/1
ARLMAEALKEALAPV,0/0
ARRHRIL,0/1
ARRHRILD,0/1
ARRHRILDIY,0/1
ARRHRILDM,1/1
ARRHRILDMY,0/1
ARRHRILDMYL,1/1
ARRHRILDMYLE,0/1
ASQEVKMVAW,0/1
ASTPESANL,2/3
ASWIKYIQY,1/2
ATAGSAIGAV,1/1
ATETLAGAW,0/1
ATLLEAYHREITFIYKSSCT,0/0
ATTPESANL,1/1
ATTPESANLG,0/1
AVHVASGFI,0/1
AVPTWRIPERL,0/1
AVVGLLNMTVSTAAA,0/0
AWCWFGGKW,2/2
AWIEFGCHRNKSKLH,0/0
CAFRQVCHTTVPWPN,0/0
CAPPGYAL,2/2
CAPPGYALL,2/3
CATKNRDTW,1/1
CCGFPLWLFWGLVIIVGRIA,0/0
CCYHCQFCF,0/1
CDKCHQKGEA,0/1
CDKCHQKGEAI,0/3
CDKHYWDA,0/1
CDKHYWDAI,1/3
CDKHYWDAIRF,0/2
CEGQKYNQGQY,0/3
CEKMEKDGQL,0/2
CHIRQIINTW,2/2
CISEADASTPESANL,0/0
CKKCCYHCQF,0/1
CKMNWFLNW,0/1
CLAGTTGGILWWYEGLPQQH,0/0
CLGEGHGAGGW,0/1
CLIQKALF,0/1
CLIQKALFM,0/1
CLPDNGDYSEL,1/1
CNKSETDRW,0/1
CQPEKAKKET,0/1
CQPEKAKKETV,0/1
CRAPRRQGCW,2/2
CRFPRAHKY,1/2
CRTLLSRVY,0/1
CSPRGPSC,1/1
CSRNDWNGESEEYNRRPKSW,0/0
CSRVIFPLQ,1/1
CSRVIFPLQEG,1/1
CTGLEQEQM,0/1
CTHLEGKII,0/1
CTLYVTVF,1/3
CTLYVTVFY,0/1
CTPYDINQ,0/1
CTPYDINQL,1/1
CTPYDINQM,3/6
CTPYDINQML,1/1
CTPYDINQMLN,1/2
CTWQQWERELQGYD,0/0
CVKLSPLCITMRCNK,0/0
CYHCQFCF,0/1
CYVPHFKVGW,0/1
DCRQKGGDKGQSQQQG,0/0
DCTHLEGKIIIVAVH,0/0
DCTSEEMNAF,0/0
DDDLVGVSV,0/2
DDIDEEDDDL,0/2
DDIDEEDDDLV,0/2
DDLVGVSV,0/2
DDLYVGSDL,0/2
DDPWGEVL,0/2
DDPWGEVLA,0/2
DDPWGEVLAW,0/5
DDSIVTGI,0/2
DDSIVTGIEL,0/2
DEAQEDEEHY,0/1
DEAQEDEEHYL,0/2
DEEDDDLV,0/1
DEEDDDLVGV,0/1
DEEFRQYTAF,0/2
DEEHYLMHPA,0/1
DELEKIRL,0/2
DEQGMSPSY,0/1
DEQGMSPSYV,0/1
DEQIQWMY,0/2
DEWVVEVL,0/2
DEWVVEVLEEL,0/2
DFPGLAKVL,1/1
DIDEEDDDL,0/1
DIINEEAADW,0/1
DILLHSTYF,0/1
DKHYWDAIRF,0/1
DKKKEYNETW,0/1
DKKKEYNETWY,0/1
DKNKWRMLIDF,0/1
DLASWIKY,0/1
DLASWIKYI,0/1
DLASWIKYIQY,0/1
DLLHLNSLF,0/1
DLNQEILTILHGARNNLAQS,0/0
DLQKVCYVPHF,0/1
DMAIVTLKVFAVVGL,0/0
DMPQSYIQNQEKYKK,0/0
DPPFQWMGY,0/1
DPPFQWMGYEL,1/1
DPPTDTPL,0/1
DPPTDTPLDL,0/2
DPPTDTPLDLA,1/1
DPPTNTPEA,0/1
DPPTNTPEAL,3/4
DPWGEVLAW,0/2
DRGFAAPQF,0/1
DRLFAQIDQEQNTAE,0/0
DRLLSQIKSE,0/0
DRPKQAWCW,0/2
DRPKQAWCWF,0/2
DSDHCQEYQCKKVNLNSSDS,0/0
DSKNSMAESKEARDQEMNLK,0/0
DTCGNTQNVSGANPV,0/0
DTLEGAGEL,0/1
DTLEGAGELI,0/1
DTNYSGFM,0/3
DTPINIFGR,0/1
DTPINIFGRNL,0/1
DTPLDLAI,0/1
DTPLDLAIQ,1/1
DTPLDLAIQQL,0/1
DTWGTTQCL,0/1
DVKRYTTGGTSRNKR,0/0
DWWKIGMFLLCLAGTTGGIL,0/0
DYKLVEI,1/1
EACYNTCY,0/1
EAEYEENKI,1/1
EAPPTNPY,0/1
EAPPTNPYN,0/1
EAPPTNPYNT,0/1
EAPQFPHGSSA,2/3
EAQEDEEHY,0/2
EARDQEMNLKEESKEEKRRN,0/0
EAYVRYPEEF,0/2
ECWGSFPGCRPFQNYFSYET,0/0
EDDDLVGV,0/2
EDDDLVGVSV,0/2
EDEEHYLM,0/2
EDEEHYLMHPA,0/1
EDGYSQSPGGL,0/2
EDKILKVGKF,0/2
EDKILKVGKFA,0/1
EDLLHLNSL,2/4
EDLLHLNSLF,1/4
EDPAVDLL,0/2
EDPAVDLLKNY,0/1
EDTGEAREV,0/2
EDTGEAREVA,0/1
EDTLEEKMYACR,0/0
EDVWQLFETSI,2/3
EDWVGWIGNIPQYLK,0/0
EEAADWDL,0/2
EEAKQIVQRHL,0/2
EEALKHFDPRL,0/2
EEAPPTNPY,0/1
EEAPPTNPYNT,0/1
EEAQIQQEKNM,0/1
EEDDDLVGV,0/1
EEDDDLVGVSV,0/2
EEEKRWIAV,0/1
EEELRKRL,0/2
EEELRKRLRL,0/2
EEELRKRLRLI,0/3
EEEVRRRL,0/2
EEEVRRRLTA,0/1
EEFGSKSGL,0/2
EEFRQYTAF,0/2
EEFRQYTAFTL,2/3
EEGIIPDW,0/1
EEGIIPDWQDY,0/3
EEHDKYHSNV,0/1
EEHYLMHPA,0/1
EEILSQLY,0/1
EEILSQLYRPL,0/2
EEINREAV,0/1
EEINREAVNHL,0/2
EEKAFSPEV,2/2
EEKFQKDPPF,0/2
EEKKFGAEV,0/1
EEKKFGAEVV,0/1
EEKRWIAV,0/1
EEKRWIAVPTW,0/1
EELKEEAL,0/2
EELKEEALKHF,0/3
EELRKRLRL,0/2
EELRKRLRLI,2/3
EEMIKKSEI,2/3
EEMIKKSEIY,0/1
EEMIKKSEIYV,0/2
EEMLTACQGV,2/2
EENITALL,0/2
EEREKLAY,0/1
EESKEEKRRNDWWKIGMFLL,0/0
EETIGEAF,0/2
EETIGEAFEW,0/1
EETIGEAFEWL,0/2
EEVQWTEM,0/1
EEVRRRLTA,0/1
EEYNRRPKSWVKSIEAFGES,0/0
EFLYCKMNW,0/1
EFRQYTAFTLPSVNN,0/0
EGAGELIRI,0/1
EGGGNSSWPW,0/1
EGGNIYDCCIKAQEGTLAIP,0/0
EGIIPDWQDY,0/2
EGPQREPW,0/1
EGPQREPWDEW,0/1
EGQKYNQGQY,0/2
EGSHLEVQGY,0/1
EIMGIGLTQEQQAEA,0/0
EIPERPTLNELQKLA,0/0
EITPIGLA,0/1
EITPIGLAP,0/1
EITPIGLAPT,0/1
EIVYFAWVPGHKGIYG,0/0
EKDVWEQW,0/1
EKDVWEQWW,0/1
EKFQKDPPF,0/1
EKFQKDPPFQW,0/1
EKGGLEGIYYSARRHRILDMYLE,0/0
EKQRESREKPY,0/1
EKRWIAVPTW,0/1
ELDIYQYMDDIYIGS,0/0
ELGDYKLVEI,0/1
ELIRILQRALF,0/1
ELKEEALKHF,0/2
ELLNSIGF,0/1
ELLRLTVW,0/1
ELNRVTQDF,0/1
ELPQRETW,0/2
ELPQRETWT,0/1
ELPQRETWTV,0/1
ELQKLNSW,0/1
ELQKLNSWDVF,0/1
ELTYLQYGW,0/1
ELTYLQYGWSY,0/1
ELYRLELGDY,0/1
EMIKKSEIYVAWVPA,0/0
EMPKNYEKVSLNRKK,0/0
EMPTSYMESQKRKKK,0/0
ENEGPQREPW,0/1
ENPTWKQW,0/1
EQANSVETI,0/1
ERQQVEETFNLIGCIERTHVFCHTG,0/0
ESANLGEEI,0/2
ESANLGEEIL,0/2
ESSNERSSCI,0/1
ETGRQTALF,0/1
ETGTTETM,0/1
ETIGEAFEW,0/1
ETIGEAFEWL,0/1
ETIVLMAVHCM,0/4
ETLRRGGRW,0/1
ETPLREQENSL,0/1
ETQTSTWF,0/2
ETQTSTWFGF,0/2
ETVEKAVATA,0/1
ETWKLVKTSGVTPLPISSEANTGLIR,0/0
ETWKLVKTSGVTPLPISSEANTGLIRHKR,0/0
ETYGRLLGEV,0/2
ETYYTDGSCNK,1/1
EVRRAIRGEQLLSCC,0/0
EVVPGFQAL,0/1
EYDRTHPPDGPRPLP,0/0
FAAPQFSLW,2/2
FAKIKNTHTNGVRLL,0/0
FDAWNNTV,1/2
FDLASWIKY,0/1
FDLASWIKYI,2/3
FDPRLLTA,0/1
FDPRLLTAL,0/3
FDPTLAYTY,0/3
FDPTLAYTYEA,0/1
FETSIKPCV,2/2
FETSIKPCVKL,2/4
FEWLNRTV,2/2
FEWLNRTVEEI,2/4
FGNWFDLASW,0/1
FHEAVQAVW,2/2
FHLPVEKDVW,2/2
FKNFRVYY,0/1
FKVGWAWW,0/1
FLIRQLIRLLTWLFS,0/0
FLKKGLGICY,0/1
FLLKLAGRW,0/1
FLYCKMNW,0/1
FLYCKMNWF,0/1
FMPKCSKV,0/2
FMPKCSKVV,0/1
FMPKCSKVVV,0/1
FMPKCSKVVVSSCTR,0/0
FPKTFGW,0/1
FPVRPQVPI,0/1
FPVRPQVPM,1/1
FPVRPQVPT,0/1
FQKDPPFQW,0/1
FQWMGYELW,3/3
FRDYVDRFY,0/1
FRELNRVTQDF,0/1
FRPWSMGKEA,1/1
FRQVCHTTVPW,0/1
FRYCAPPGY,0/1
FSIPLDEEF,1/2
FSSPPSYF,2/4
FSSPPSYFQ,0/1
FSTPEEKF,0/3
FTAGEVRRA,0/1
FTAGEVRRAI,0/2
FTLPSVNNAE,1/1
FVDRLLSQI,0/0
FVDRLLSQIK,0/0
FVDRLLSQIKSE,0/0
FYYWQLQSTLSITTA,0/0
GAKEDYSSFIDRLFA,0/0
GAKEPYPEFVDRLLSQIKSEGHPQEISKFLTD,0/0
GCPTESESRL,0/1
GDAYFSIPL,3/3
GDHQAAMQI,2/3
GDHQAAMQII,1/3
GDLRQRLL,0/2
GDLRQRLLRA,0/1
GDLTCNSTV,0/2
GDMTPAERL,1/3
GDMTPAERLI,1/3
GDPEVTFM,0/2
GDPEVTFMW,0/4
GDPEVTFMWT,0/1
GDRGFAAPQF,0/2
GDTLEGAGEL,0/2
GDTLEGAGELI,2/3
GDTPINIF,0/2
GDYKLVE,0/1
GDYKLVEI,2/5
GDYKLVEIT,1/2
GDYKLVEITP,0/1
GDYKLVEITPI,1/3
GDYSEVAL,1/3
GDYSEVALN,0/1
GDYSEVALNV,0/2
GEAFEWLNRTV,2/3
GEAMHGQV,1/2
GEEILSQL,0/2
GEEILSQLY,0/1
GEETIGEAF,0/2
GEETIGEAFEW,0/1
GEFLYCKM,1/2
GEFLYCKMNW,0/2
GEFLYCKMNWF,1/4
GEGAVILKV,1/2
GEGGGNSSW,0/2
GEGGGNSSWPW,0/1
GEGHGAGGW,0/2
GEGHGAGGWRPGPPP,0/0
GELDGMLHQQILLQ,0/0
GELIRILQRA,1/2
GELIRILQRAL,2/3
GELLWKGEGAV,1/3
GENPTWKQW,2/3
GEQLLSCCRF,1/3
GETYGRLL,2/3
GETYGRLLGEV,2/3
GEVLAWKF,1/4
GFAAPQFSLW,0/1
GFLGFLATAGSAMGA,0/0
GGDPEVTFMW,0/1
GGEGGGNSSW,0/1
GGGNSSWPW,0/1
GGNQEIDHL,0/1
GGYQRAQER,0/0
GIICHNCGKRGHMKKDCRGKK,0/0
GIIPDWQDY,0/1
GIKVMIGKPKAQ,0/0
GIPHPAGL,0/1
GIPHPAGLA,0/1
GIRFPKTFGW,0/1
GIRYPKTFGW,0/2
GKDGPKLKQW,0/1
GKEAIVIW,0/1
GKMTLTEEVQW,0/1
GKPLEATVI,0/1
GKPPTKGANF,0/2
GLAPTDVKRY,0/1
GLEGIYYSA,0/0
GLKRDKKKEY,0/1
GLPRIVARQI,0/1
GLPRIVARQIV,0/1
GLVIIVGRIAGYGLRGLAVI,0/0
GMSPSYVKY,0/1
GNIYRRWIQLGLQKC,0/0
GNRAQKELIQGKLNEEAERWRRNNPPPPA,0/0
GNRAQKELIQGKLNEEAERWVRQNPPGPN,0/0
GNSRRGPRVVPSAPPML,0/0
GNWFDLASW,0/1
GPNQTCMWNTSQIQD,0/0
GPPPPPPPGL,2/2
GPPPPPPPGLA,0/1
GPQREPWDEW,0/1
GPRKPIKCW,0/1
GQANSDLGTW,0/1
GQPGGGNPL,0/1
GQPVEVLLDT,0/1
GQYMNTPW,0/1
GRLLGEVEDGY,0/1
GSENLKSLY,4/5
GSGDKYYKQKCSRNDWNGES,0/0
GSHLEVQGY,0/1
GSHLEVQGYW,3/4
GSPAIFQY,1/2
GSPAIFQYT,2/2
GSPAIFQYTM,2/4
GSPAIFQYTMR,0/1
GSQKLNTGNCNW,0/0
GSQKLSTGNCNW,0/0
GSQKLTTGNCNW,5/6
GTDIKVVPRRKAKII,0/0
GTRAENRTY,1/2
GTRAENRTYIY,1/4
GTSRNKRGVF,1/2
GTTKQKMML,0/0
GTWQMDCTHL,1/1
GVIGQAHLELPRPNKRIRNQ,0/0
GVPAWRNA,0/1
GVPAWRNAT,0/1
GVPAWRNATI,0/1
GVPAWRNATIPLFCA,0/0
GVPYNPQSQGV,0/1
GVRLLAHVIQKIGKE,0/0
GWVLSPLIYQSTLDN,0/0
GYELHPDKW,0/1
GYELWPTKW,0/1
GYGLRGLAVIIRICIRGLNL,0/0
HDEQGMSPSY,0/2
HDEQGMSPSYV,0/2
HDKYHSNV,0/2
HDKYHSNVKEL,0/2
HDRVVLQSKEL,0/2
HEAVQAVW,0/1
HEREEELRKRL,2/3
HFKVGWAWW,2/2
HGARNNLAQSMITFNTPDSI,0/0
HGDTLEGAGELIRIL,0/0
HIRQIINTW,0/1
HKVGKNVY,0/1
HKYQVPSLQY,0/1
HKYQVPSLQYLALKV,0/0
HLEVQGYW,3/3
HLLHQTNPY,0/2
HLPLSPRT,0/1
HLPLSPRTL,0/1
HLPLSPRTLNA,0/1
HLPRELIFQV,3/3
HLPRELIFQVW,1/1
HLPVEKDVW,0/1
HLPVERDV,0/1
HLPVERDVW,0/1
HLTPEKGW,0/1
HNIHLAGVTGGSGDKYYKQK,0/0
HPLPNAPLV,0/0
HQQILLQKYQVIKV,0/0
HRILDMYL,0/1
HSLIKYLKY,0/1
HSNVKELVF,0/1
HSNVKELVFKF,0/3
HSTYFPCF,1/5
HSTYFPCFTA,0/2
HTDNGANF,0/2
HTTVPWPNASL,1/1
HVKDETNTTEYW,0/1
IAASATMSYVALTEVNKIME,0/0
IDEEDDDL,0/2
IDEEDDDLV,0/2
IDEEDDDLVGV,0/2
IDFRELNRV,1/3
IDGNQTNI,0/2
IDGNQTNITM,0/2
IDHLVSQGI,2/3
IDRIREQA,0/1
IDRIREQANSV,0/2
IDWIDGNQTNI,0/2
IEAEVIPA,0/2
IEAEVIPQET,1/1
IEDVWQLF,0/2
IEEKKFGAEV,0/1
IEEKKFGAEVV,0/2
IEEMIKKSEI,0/2
IEEMIKKSEIY,0/3
IEGEETYY,0/2
IEGQPVEV,0/1
IEGQPVEVL,1/3
IEGQPVEVLL,0/2
IEHTFGVPY,0/1
IEKYLKDQAQL,0/2
IELGPHYTPKI,2/4
IELPQRETW,2/3
IELPQRETWTV,1/3
IEMPENYAKTRIIN,0/0
IEPAQEEHDKY,0/3
IETVPVKL,0/2
IEVLGKRI,2/3
IEYIHFLI,2/3
IEYIHFLIRQL,2/3
IFEIIRKMLDYIGRALNPGT,0/0
IFPLQEGSHL,0/1
IGKEAIVIW,0/1
IGLVAIGGRLNGSGQSNAIEC,0/0
IGNWIPGLGASIIKYIVMFL,0/0
IGTTKQKMM,0/0
IHPIRLCVQPPFFLVQEKGI,0/0
IINEEAADW,0/1
IIPDWQDY,0/1
IIPDWQDYT,0/1
IIQPFIRQNPELDIY,0/0
IKKKDKNKW,0/1
IKKSEIYVAW,0/1
IKPCVKLSPL,0/1
IKSEGHPQEI,0/0
IKSQDNQW,0/1
IKSQDNQWSY,0/1
ILLHSTYF,0/1
ILLHSTYFPCF,0/1
ILLLSVYGIY,0/1
ILLRIVIY,0/1
ILQRALFMHF,0/2
ILQRLSATLQRIREV,0/0
ILSQEQEGCY,0/1
ILSQEQEGCYY,0/1
INDRPKQAW,0/1
INIFGRNLLTALGMS,0/0
IPPGNSGEETI,2/2
IPPSRSML,0/2
IPSQTCITRR,0/0
IPVGNIYRR,0/1
IQESCDKHYW,2/2
IQKLVGVLNW,0/1
IREVLRTELTY,0/1
IRFPKTF,0/1
IRFPKTFG,0/1
IRFPKTFGW,2/2
IRFPKTFGWL,1/1
IRFPKTFGWLW,1/1
IRFPKTFGWLWK,1/1
IRFRYCAPPGY,2/2
IRICIRGLNLIFEIIRKMLD,0/0
IRILQRALF,0/1
IRLLTWLF,0/1
IRLRPNGKKKY,0/1
IRQIINTW,0/1
IRQLIRLLTW,0/1
IRYPKTFGW,5/5
IRYPKTFGWLW,3/3
ISLNKYYNLTM,0/4
ISSEANTGLIRHKRDFGISA,0/0
ISTPPLVRL,1/1
ISTPPLVRLV,1/1
ISTPPLVRLVF,2/5
ITFIYKSSCTDSDHCQEYQC,0/0
ITMSAEVAELY,1/4
ITPIGLAP,1/1
ITPIGLAPT,2/2
ITPIGLAPTD,1/1
ITPIGLAPTDV,0/1
ITSCNNEPIISVIMYETNQV,0/0
ITTAAPTSA,1/1
ITTAAPTSAP,1/1
ITTAAPTSAPV,0/1
ITTEQEIQF,0/2
ITTEQEIQFQQSKNS,0/0
ITVLDIGDAY,0/1
ITVLDIGDAYF,0/3
ITVPWPNASL,0/1
ITWYSKNF,1/4
ITWYSKNFW,2/3
ITWYSRNFW,1/1
IVAAIVAATAIAASATMSYV,0/0
IVAVHVASGFIEAEV,0/0
IVIYIVQML,0/1
IVQQQQQLLDVVKRQ,0/0
IYIGSNLSKKEHKEK,0/0
IYKVLPQGW,0/1
IYPGIKTKHL,2/2
KALKKLEKV,0/0
KAQEGTLAIPCCGFPLWLFW,0/0
KCCYHCQF,0/1
KCCYHCQFCF,0/1
KCPDRQAGF,0/1
KCPDRQAGFL,0/1
KDAIKEVKQTI,0/2
KDGPKLKQW,0/3
KDGPKLKQWPL,0/2
KDGQLEEA,0/1
KDGQLEEAPPTNPYN,0/0
KDKNKWRM,0/2
KDKNKWRML,0/2
KDKNKWRMLI,0/2
KDKVKVLEQTT,0/1
KDLQKVCY,0/1
KDLQKVCYV,1/3
KDPIEGEET,0/1
KDPIEGEETY,0/2
KDPIEGEETYY,0/1
KDPPFQWM,0/2
KDPPFQWMGY,0/2
KDQAQLNA,0/1
KDQAQLNAW,0/3
KDSTKWRKL,0/2
KDVWEQWW,0/2
KDVWEQWWTDY,0/1
KDYGGGKEV,0/2
KEAIVIWGQV,1/2
KEALAPVPI,2/3
KEALAPVPIPF,2/4
KEARDQEMN,0/0
KEARDQEMNLKEESKEEKRRNDWWKIGMFL,0/0
KEEALKHF,0/2
KEEGIIPDW,1/2
KEGCQKIL,0/2
KEGCQKILSV,1/2
KEGCQKILSVL,1/3
KEGKAGYI,2/3
KEKGGLEGI,2/3
KEKGGLEGIY,0/1
KEKGGLEGIYY,1/4
KEKIVALREI,2/3
KELLNSIGF,1/3
KELVFKFGL,1/3
KEPFQSYV,0/1
KEPFQSYVDRF,0/3
KEPFQSYVDRFYKSL,0/0
KEPFRDYV,0/2
KEPPFLWM,0/2
KEQHKRNY,0/1
KEQHKRNYV,2/2
KERQQVEETFNLIGCIERTH,0/0
KETVEKAV,0/1
KETVEKAVA,0/1
KEVDSSSHM,1/2
KEVKQTIV,0/1
KEVTEDLL,0/2
KEVTEDLLHL,0/2
KEYKNVEI,2/3
KEYKNVEIEV,0/1
KEYKNVEIEVL,0/2
KEYNETWY,0/1
KFDPTLAYTY,0/1
KFGAEVVPGFQALSEGCTPYDINQMLNCVGD,0/0
KFPRAHRYQV,0/1
KFQKDPPFQW,0/1
KGCNETWARVKRCPIDILYG,0/0
KGCNETWARVKRCPIDILYGIHPIRLCVQ,0/0
KGGLEGIYY,0/1
KGPGELLW,0/1
KGTIMTGDTPINIFG,0/0
KIELPQRETW,0/1
KIGKEAIVIW,0/1
KILRALWKVTSGAGSSGSRY,0/0
KKCCYHCQF,0/1
KKCCYHCQFCF,0/1
KKEYNETW,0/1
KKEYNETWY,0/1
KKGIQQLQKWEDWVG,0/0
KKKDKNKW,0/1
KKKEYNETW,2/2
KKKEYNETWY,0/1
KKKYMLKHVVW,0/1
KKPRNFPMA,0/1
KKSEIYVAW,0/1
KKTGMLEMW,2/2
KKVNLNSSDSSNPVRVEDVM,0/0
KKYMLKHVVW,0/1
KLAIDMSHF,0/1
KLAYRKQNM,0/1
KLEKVTVQGSQKLTTGNCNW,0/0
KLIEEKKF,0/1
KLNSWDVF,0/1
KLNSWDVFGNW,2/2
KLRQGYRPVF,0/1
KLVGVLNW,0/1
KMGLQINNVVDG,0/0
KMQQGNGRRGIRVVPS,0/0
KMQQGNGRRGIRVVPSAPPME,0/0
KMTLTEEVQW,0/1
KNGSGGNNPHQGSLDLEIRS,0/0
KNMYELQKL,0/1
KPIISVIMYETNQ,0/0
KPPTKGADF,0/1
KPPTKGANF,0/2
KQKTNEPYEDFAARLLEAIDAE,0/0
KRCPIDILYGIHPIRLCVQP,0/0
KRDKKKEY,0/1
KRGVFVLGF,0/1
KRIRNQSFNQYNCSINNKTELETWK,0/0
KRRRTPKKAKANTSS,0/0
KRRWRRRW,0/1
KRWIAVPTW,1/1
KSEGHPQEISKF,0/0
KSEIYVAWV,1/1
KSGLSEEEV,0/1
KSQDNQWSY,0/1
KTFGWLWKL,2/2
KTFGWLWKLV,1/2
KTKDLQKVCY,1/2
KTKHLCRLI,1/1
KTVLPVTIM,2/2
KTVLPVTIMS,1/1
KVPLRAMT,0/1
KVPLRAMTY,0/1
KVPLRAMTYKL,0/1
KVPLRTMSY,1/2
KVPLRTMSYKL,0/1
KVRAYTYGVIEMPENYAKTRIINRKK,0/0
KVRAYTYGVVDMPQSYIQNQEKYKK,0/0
KVRAYTYGVVEMPTSYMESQKRKKK,0/0
KWNNETWQEW,0/1
KYHSNVKELVFKFGL,0/0
KYMLKHVVW,0/1
KYNQGQYMNTPW,0/1
KYQVIKVRAYTYGV,0/0
LAGAWGDLW,2/2
LAIQQLQNLAIESIP,0/0
LALADRIYSF,0/1
LALADRIYSFPDPPT,0/0
LAPTDVKRY,0/1
LAPTDVKRYT,0/1
LAPTDVKRYTT,0/1
LAPVPIPF,2/3
LAPVPIPFA,2/2
LAPVPIPFAA,1/1
LAPVPIPFAAA,0/1
LAWKFDPTL,0/0
LAWKFDPTLAY,0/1
LAYTYEAYVRY,0/1
LCLAGTTGGILWWYE,0/0
LDEEFRQY,0/1
LDEEFRQYTA,0/1
LDEEFRQYTAF,0/2
LDEELKQLTAEYDRT,0/0
LDIGDAYF,0/2
LDIGDAYFSI,1/3
LDIYLEKEEGI,1/2
LDKGLSSL,0/2
LDLAIQQL,2/5
LDLAIQQLQNL,1/3
LDRFGLAESL,0/2
LDRFGLAESLL,0/2
LDRFGLAESLLENKE,0/0
LDTGADDSI,0/2
LDTGADDSIV,0/2
LDTGADDTV,0/2
LDVGDAYF,0/2
LDVKQGPKEPF,0/2
LDVVKRQQEL,0/2
LDVVKRQQELL,1/3
LEACYNTCY,0/2
LEAFLMAL,1/3
LECNQTENFKTILVPENEMV,0/0
LEEAPPTNPY,0/1
LEELKEEAL,0/2
LEEMLTACQGV,2/3
LEENITAL,1/3
LEENITALL,2/3
LEGAGELI,2/3
LEGAGELIRI,1/3
LEGAGELIRIL,0/2
LEGKIIIV,0/1
LEGKIIIVAV,1/2
LEHDRVVL,2/3
LEKEEGII,2/3
LEKEEGIIPDW,0/1
LELAENREI,0/2
LELGDYKL,0/2
LELGDYKLV,2/2
LELGDYKLVEI,2/4
LELWERGTL,2/3
LEMWKNGPCY,0/1
LENKEGCQKI,2/3
LENKEGCQKIL,0/2
LEPFRKANPDV,0/2
LEQEQMISCKF,0/3
LEQTTNQQAEL,0/2
LERWHSLI,2/4
LERWHSLIKY,0/1
LERWHSLIKYL,2/3
LESSNERSSCI,0/3
LEVQGYWHL,1/3
LFLLKLAGRW,0/1
LGDYKLVEI,1/2
LGEEILSQLY,0/2
LGEGHGAGGW,2/2
LGPHYTPKI,1/1
LGPHYTPKIV,2/3
LGPWGKKPRNF,1/1
LGVLEDNKGVVRGDYTAC,0/0
LIRILQRALF,0/1
LIRILQRALFMHFRG,0/0
LIYLLLTSSPKILRALWKVT,0/0
LKDQAQLNAW,0/1
LKEEALKHF,0/1
LKKKFHHKHASREDTWDQAQ,0/0
LKPGKVGPKL,0/1
LKRDKKKEY,0/1
LLALADRIY,0/2
LLALADRIYSF,0/1
LLCNNNNSNNYN,0/0
LLGEVEDGY,0/2
LLHLNSLF,0/1
LLHSTYFPCF,0/3
LLIAILLLSVY,0/1
LLKLAGRW,0/1
LLLSVYGIY,0/1
LLRARGETY,1/3
LLRCNDTNY,0/1
LLSVYGIY,0/1
LLTALGMSLNF,0/1
LLTALGNHIY,0/2
LMHPAQTSQW,2/2
LMQPAQTSKW,0/1
LNEEAERWVRQNPPGPN,0/0
LNGSGQSNAIECWGSFPGCR,0/0
LNSWDVFGNW,0/1
LNVTESFDAW,0/1
LPPREGDL,0/1
LPPREGDLT,0/1
LPQGFVLSPYIYQKTLQEILQP,0/0
LQPILQRLSA,0/1
LQTHADVQLLKERQQVEETF,0/0
LRARGETY,0/1
LRCNDTNY,0/1
LRCNDTNYSGF,2/2
LRPGGKKKY,0/1
LRPGGKKKYM,1/1
LRPNGKKKY,0/1
LRQGYRPVF,0/1
LRTELTYLQY,1/2
LSAIPPSRSM,3/4
LSAIPPSRSML,1/2
LSCCRFPRA,0/2
LSCEGQKY,0/2
LSEEEVRRRL,0/1
LSEGCTPY,1/4
LSPLCITM,4/4
LSPLCITMR,1/1
LSPLCITMRC,1/1
LSPLCITMRCN,1/1
LSPRTLNAW,1/1
LSPRTLNAWVK,1/1
LSQEQEGCY,1/2
LSQEQEGCYY,1/2
LSQLYRPLE,0/1
LSQLYRPLEA,1/2
LSRAYQILQ,0/1
LSRAYQILQPI,1/1
LSRVYQILQPILQRL,0/0
LSSLSCEGQKY,1/4
LSTYAVRI,0/2
LSTYAVRITW,0/2
LSTYAVRITWY,1/4
LSVLAPLVP,0/1
LSVYGIYCTLY,1/4
LTALGMSL,1/1
LTALGMSLN,0/1
LTALGMSLNF,2/2
LTALGMSLNL,1/1
LTALGNHI,1/2
LTALGNHIY,1/2
LTARGLLNM,3/3
LTARGLLNMA,0/1
LTCNSTVTSL,1/1
LTEEVQWTEM,1/2
LTPDWNNDT,0/1
LTPDWNNDTW,0/1
LTPDWNNDTWQ,1/1
LTPEKGWL,1/1
LTPEKGWLST,0/2
LTPEKGWLSTY,2/6
LTPERGWL,2/2
LTPERGWLS,1/1
LTPERGWLST,0/1
LTPERGWLSTY,0/1
LTPKWNNET,1/1
LTPKWNNETW,3/3
LTPTAPPE,0/1
LTPTAPPED,0/1
LTPTAPPEDP,1/1
LTPTAPPEDPA,0/1
LTVWGTKNL,0/1
LTVWGTKNLQTRVTA,0/0
LTYLQYGWSY,1/2
LTYLQYGWSYF,2/5
LVEITPIGL,0/1
LVEITPIGLA,0/1
LVEITPIGLAP,0/1
LVPTGSEN,0/1
LVPTGSENL,0/1
LVPVNVSDEA,0/1
LVRLVFNLV,0/1
LWKGPGELLW,0/1
LYNTVCVIW,0/1
LYRPLEACY,0/1
MACPNNQGILRNWYN,0/0
MDCTHLEGKI,0/2
MDCTHLEGKII,0/2
MDDIDEEDDDL,0/2
MDDILIASDRT,0/1
MDGPKVKQW,0/2
MEDTGEAREV,0/1
MEEEKRWI,0/3
MEEEKRWIA,0/1
MEEEKRWIAV,0/1
MEEEKRWIAVPTWRI,0/0
MEPAFDQFRQTYRQWIIEAM,0/0
METQTSTW,0/1
METQTSTWF,0/2
METQTSTWFGF,0/3
MGDPLTWSKALKKLEKVTVQGSQKLTTGNCNWALS,0/0
MGYELWPTKW,0/1
MHFRGGCIHSRIGQP,0/0
MHPAQTSQW,3/3
MITFNTPDSIAQFGKDLWSH,0/0
MLAKLRQGY,0/1
MLEMWKNGPCY,0/1
MMETQTSTW,2/2
MQPAQTSKW,1/2
MRCNKSETDRW,2/2
MRHLRPEDTL,0/0
MRHVLEPF,3/3
MSAEVAELY,1/2
MSAEVAELYRL,1/1
MSNHEREEEL,0/2
MSPSYVKY,0/3
MSPSYVKYRY,1/3
MSPSYVKYRYL,2/2
MSWGHLNESTQWDDWVSKME,0/0
MSYKLAIDM,1/2
MTGDTPINIF,0/2
MTLTEEVQW,0/1
MTPAERLI,2/2
MTPAERLIN,1/1
MTPAERLINM,0/2
MTPAERLINMI,0/1
MVNINDTDTWIPKGCNE,0/0
MVSIAFYGGIPGGISTPITQ,0/0
MYELQKLNSW,2/2
NDIQKLVGV,0/2
NDIQKLVGVL,0/2
NDRPKQAW,0/2
NDRPKQAWCW,2/5
NDRPKQAWCWF,0/2
NDTNYSGF,0/2
NDTNYSGFM,1/4
NEEAADWDL,0/2
NEECRNAMRHLR,0/0
NEGPQREPW,0/2
NELDRFGL,0/3
NEQVDKLV,1/2
NERSSCISEA,0/1
NETWQEWERKV,0/2
NETWYSADL,0/3
NETWYSADLV,0/1
NFPGLAKV,0/1
NFPGLAKVL,0/1
NFPGLAKVLGI,0/1
NGPCYGQM,0/1
NIIVDSQYVMGIITG,0/0
NINDTDTWIP,0/0
NINDTDTWIPKGCNETWARV,0/0
NIYRRWIQLGLQKCV,0/0
NKGVVRGNYTACNVSRLKIN,0/0
NKPISNRT,0/1
NKQSKEGKAGY,0/1
NKRGVFVLGF,0/1
NKSETDRW,0/1
NKTELETWKLVKTSGITPLP,0/0
NKWRMLIDF,0/1
NLGEEILSQLY,0/1
NLIGCIERTHVFCHTGHPWN,0/0
NLPIAKVEPV,0/1
NNYNCVVQSFGVIGQAHLEL,0/0
NPAEEREKL,0/1
NQGQYMNTPW,0/2
NQQAELEAFLMALTD,0/0
NQRRQRKRRW,0/1
NRSMHMDNNTATLLEAYHRE,0/0
NRTIISLNKY,0/1
NRTIISLNKYY,0/1
NSDLGTWQM,0/1
NSGEETIGEA,0/1
NSGEETIGEAF,0/3
NSKFKNFRVY,0/1
NSKFKNFRVYY,0/3
NSSWPWQIEY,1/3
NSVETIVLM,1/2
NSWDVFGNW,0/1
NSWDVFGNWF,0/2
NTAEYWGFK,0/0
NTCYCKKCCY,0/2
NTGNESRCY,0/1
NTGNESRCYM,0/2
NTPEALCD,1/1
NTPEALCDP,0/1
NTPEALCDPT,0/1
NTPEALCDPTK,1/1
NTPTFAIKK,1/1
NTPTFAIKKKD,0/1
NTPVFAIKK,1/1
NTPWRNPA,0/1
NTSSASNKPI,0/1
NTTEYWGFKWLECNQTENFK,0/0
NTWHKVGKNVY,0/3
NVRRLNINRKDYTGIYQVP,0/0
NVTESFDAW,0/1
PAEEREKLAY,0/1
PAPQQGQL,0/1
PAQTSQWDDPW,0/1
PDCKLVLKGL,0/2
PDKWTVQPI,0/2
PDNGDYSEV,0/2
PDNGDYSEVA,0/1
PDNGDYSEVAL,0/2
PDPPTDTPL,0/3
PDPPTDTPLDL,0/3
PDPPTNTPEA,0/2
PDPPTNTPEAL,0/3
PDRQAGFL,0/2
PDRQAGFLGL,0/2
PDVTLVQY,0/1
PDVTLVQYM,0/2
PEDPAVDL,0/2
PEDPAVDLL,0/2
PEEFGSKSGL,0/2
PEEKFQKDPPF,0/3
PEFVDRLLSQ,0/0
PEKAKKETV,0/1
PEKGWLSTY,0/1
PEKGWLSTYA,0/1
PEKGWLSTYAV,0/2
PENEGPQREPW,0/1
PERLERWHSL,0/2
PERLERWHSLI,0/3
PESANLGEEI,0/2
PESANLGEEIL,0/2
PEWDFISTPPL,0/2
PFFLVQEKGIANTSRIGNCG,0/0
PFQNYFSYETNRSMHMDNNT,0/0
PFQWMGYELW,2/2
PGGISTPITQQSEKSKCEEN,0/0
PGIRFPKTFGW,0/1
PGIRYPKTF,0/1
PGIRYPKTFGW,0/1
PGNSGEETI,0/1
PHFKVGWAW,2/2
PHFKVGWAWW,0/1
PIFYTCNFTNITSCNNEPII,0/0
PINDRPKQAW,0/1
PKANIIVDSQY,0/1
PKEQHKRNY,0/1
PKIVGGIGGF,0/1
PKKTGMLEMW,0/1
PKQAWCWF,0/1
PKWNNETW,0/1
PKWNNETWQEW,0/1
PLDEEFRQY,0/1
PLEACYNTCY,0/2
PLIYQSTLDNIIQPF,0/0
PNASLTPKW,0/1
PPFFLVQEKGI,0/0
PPPPPGLA,0/1
PPPPPPGLA,0/1
PPPPPPPGLA,0/1
PPSGKGGNY,0/11
PQPAPQQGQL,0/1
PQREPWDEW,0/1
PRELIFQVWQRSWEY,0/0
PRKPIKCW,0/1
PRPNKRIRNQSFNQYNCSIN,0/0
PRQTGGFF,0/1
PRQTGGFFRPW,0/1
PRRKAKIIKDY,0/1
PRVLRPGDSKRR,0/0
PSGDLRQRL,0/2
PSGDLRQRLL,0/2
PSLQYLALKV,0/1
PSSGRGGNY,0/1
PSYFQQTHI,0/1
PSYFQTHTQQD,0/1
PSYVKYRY,0/2
PSYVKYRYL,0/2
PSYVKYRYLCL,0/1
PTDTPLDLA,0/1
PTDTPLDLAI,0/1
PTGSENLKSLY,0/3
PTIFLGVLEDNKGVVRGNYT,0/0
PTKGANFPGL,0/1
PTLAYTYEA,0/1
PTLAYTYEAY,0/1
PTNPYNTPTF,0/1
PTNTPEAL,0/1
PTPESANL,1/1
PTWRIPERL,0/1
PVEKDVWEQW,0/1
PVPIPFAA,1/1
PVPIPFAAA,0/1
PVTIMSGLVFHSQPI,0/0
PYCYNNDSKNSMAESKEAR,0/0
PYDINQM,0/1
PYDINQML,0/1
PYPTGPGT,0/1
QAELEAFLM,1/1
QAEVLQERLEW,4/4
QAGFLGLGPW,0/1
QANSDLGTW,0/1
QAWCWFGGKW,2/2
QDFTEVQL,0/2
QDFTEVQLGI,0/3
QDFWEVQL,0/2
QDNQWSYKI,1/3
QDYTSGPGI,0/2
QDYTSGPGIRY,0/1
QEDEEHYL,0/2
QEDEEHYLM,0/1
QEDKILKV,0/1
QEDKILKVGKF,0/3
QEEHDKYHSNV,0/2
QEGKPLEATV,0/1
QEGKPLEATVI,0/3
QEGSHLEV,0/1
QEGSHLEVQGY,0/3
QEIDHLVSQGI,2/4
QEKNMYEL,0/2
QEKNMYELQKL,0/2
QELDCWHYHQYCITS,0/0
QELDCWHYQHYCVTSTKS,0/0
QELLRLTV,2/2
QELLRLTVW,2/3
QEQEGCYY,0/1
QEQMISCKF,0/2
QEQMISCKFNM,3/3
QESCDKHY,0/3
QESCDKHYW,0/2
QETGRQTAL,0/2
QETGRQTALF,0/2
QETGRQTALFL,0/2
QEVKMVAW,2/2
QEVKMVAWW,1/3
QEWERKVDF,2/3
QEWERKVDFL,2/3
QFSLWRRPVVTAHIE,0/0
QGENPTWKQW,0/1
QGMSPSYVKY,0/1
QGPIPMTARFIRGLGVPRERQMEPA,0/0
QGQYMNT,0/1
QGQYMNTP,1/1
QGQYMNTPW,1/2
QGQYMNTPWR,0/1
QGSLDLEIRSEGGNIYDCCI,0/0
QIDQEQNTAEVKLYL,0/0
QIQWMYRQQNPIPVGNIYRRWIQLGLQKCVRMYNPTN,0/0
QKDPPFQW,0/1
QKDPPFQWMGY,0/1
QKIELPQRETW,0/1
QKIGKEAIVIW,0/1
QKLNSWDVF,0/1
QKLVGVLNW,0/1
QKPKEQHKRNY,0/1
QKVCYVPHF,0/1
QKYNQGQY,0/1
QLEEAPPTNPY,0/1
QLGLQKCVRMY,0/1
QLIRLLTW,0/1
QLIRLLTWLF,0/1
QLLALADRIY,0/2
QLLSCCRF,0/1
QLNAWGCAF,0/1
QLWKGPGELLW,0/1
QLYRPLEACY,0/2
QMPRQTGGF,0/1
QMPRQTGGFF,3/4
QNANEECRNAMRHLRPEDTLEEKMYACRDIGTTKQKMMLL,0/0
QNPIPVGNI,1/1
QQELLRLTVW,0/1
QRALFMHF,0/1
QRAYYKNCKWEKTDV,0/0
QREPWDEW,2/2
QRESREKPY,0/1
QRGPRKPIKCW,0/1
QRKRRWRRRW,0/1
QRLLRARGETY,0/1
QRNRWEWRPD,0/0
QRRQRKRRW,0/1
QSEKSKCEENTMFQPYCYNN,0/0
QSKEGKAGY,0/1
QSKELLNSIGF,0/3
QSKNSKFKNF,0/1
QSPGGLDKGL,2/3
QSPKKTGM,0/3
QSPKKTGML,1/1
QSPKKTGMLE,1/1
QSPKKTGMLEM,1/6
QSQGVVEAM,0/1
QSQQQGNSRRGPRVVP,0/0
QSRTLLAGI,1/1
QSYVDRFY,0/3
QTALFLLKL,1/2
QTDAAVKNW,1/1
QTDAAVKNWM,1/2
QTGGFFRPW,0/1
QTGGFFRPWSM,0/4
QTIVKHPRY,1/2
QTRVTAIEKY,1/2
QTSKWDDPW,1/1
QTSQWDDPW,3/4
QTSTWFGF,0/3
QTTNQQAEL,0/1
QVCHTTVPW,0/1
QVPKFHLPV,2/3
QVPSLQYL,0/1
QVPSLQYLA,1/1
QVPSLQYLAL,0/1
QVWQRSWEY,0/1
QVWQRSWEYW,0/1
QWDDWVSKMEDLNQEILTIL,0/0
QWPLSKEKI,0/1
QWPLSKEKIV,0/1
QYHQVLATHQEAIEK,0/0
QYLLCNNNNSNNYNCVVQSF,0/0
QYMNTPW,0/1
QYNVLPQGW,0/1
RAENRTYIYW,0/1
RAISSWKQRN,0/0
RAISSWKQRNRWEWRPD,0/0
RAKYEKKTANK,0/0
RALLSRVY,1/2
RAPRRQGCW,2/3
RAYTYGVIEMPENY,0/0
RCNKSETDRW,0/1
RDIINEEA,0/1
RDIINEEAA,0/1
RDIINEEAADW,0/2
RDKKKEYNETW,0/2
RDNRRGLRM,0/2
RDNRRGLRMA,0/1
RDNRTIISL,0/2
RDQLWKGPGEL,0/2
RDTWGTTQCL,0/2
RDYGKQMA,0/2
REALQGGDRGF,0/3
REAVNHLPREL,1/3
REEELRKRL,2/3
REEELRKRLRL,1/2
REGDLTCNSTV,1/3
REGRDQLW,0/1
REITFIYKSSCTDSDH,0/0
REKLAYRKQNM,0/1
REKPYKEV,0/1
RELIFQVW,0/1
RELNRVTQDF,1/3
REPRGSDI,0/2
REPRGSDIA,0/2
REPSGSDI,0/2
REPSGSDIA,0/1
REPWDEWV,0/2
REPWDEWVV,1/3
REPWDEWVVEV,1/4
REQANSVETI,1/3
REQANSVETIV,1/3
RESREKPY,0/1
RESREKPYKEV,0/2
RETWTVNDI,2/3
REVLRTEL,1/3
REVLRTELTY,0/1
REVLRTELTYL,1/3
RFPKTFGW,1/1
RFPRAHKY,0/1
RFPRAHKYQV,0/2
RGPRKPIKCW,0/2
RGPSCGSA,0/1
RGPSCGSAKEL,0/1
RGVFVLGFL,0/1
RHKRDFGISAIVAAIVAATA,0/0
RHRILDMYL,0/1
RILDMYL,0/1
RILQRALFM,1/2
RIPERLERW,4/5
RIPPGNSGEET,0/2
RIREQANSVETIVLM,0/0
RIREVLRTELTYLQY,0/0
RITWYSKNF,0/1
RITWYSKNFW,0/1
RKAKIIKDY,0/1
RKDYTGIYQVPIFYTCNFTN,0/0
RKRLRLIHLLHQTNP,0/0
RKRRWRRRW,0/1
RLCVQPPFFLVQEKGIADTSR,0/0
RLLGEVEDGY,0/2
RLLRARGETY,1/3
RLLSQIKSEG,0/0
RLLTALGNHIY,0/1
RLRPNGKKKY,0/1
RLSQIKSEG,0/0
RLTARGLLNM,0/1
RMMETQTSTW,2/2
RNPAEEKEKL,1/1
RNPAEEREKL,0/1
RNWYNPVAGLRQSLE,0/0
RPEDTLEEKMYA,0/0
RPLEACYNTCY,0/1
RQGLELTLL,0/1
RQIKILYAMILQTHADVQLL,0/0
RQLIRLLTW,0/1
RQTGGFFRPW,0/1
RQTYRQWIIEAMSEGIKVMI,0/0
RQVCHTTVPW,0/1
RQVLFLEKI,0/1
RRHRILDMYL,1/1
RRKAKIIKDY,0/1
RRKRELSHTRKKR,0/0
RRPGNKTVL,0/1
RRPVVTAHI,0/1
RRQRKRRW,0/1
RRWRRRWQQLLALAD,0/0
RSQGENPTW,2/3
RSSCISEADA,0/1
RTDLEHDRV,0/1
RTELTYLQY,1/2
RTIISLNKY,1/2
RTIISLNKYY,1/2
RTLLLRVY,1/1
RTLLSRVK,0/1
RTLLSRVY,2/3
RTLNAWVKL,0/1
RTLNAWVKLI,0/1
RTMSYKLAI,2/2
RTMSYKLAIDM,1/5
RTPKKAKAN,0/1
RTPKKAKANT,0/1
RTRHCQPEKA,1/2
RTVEEINREA,0/1
RTVEEINREAV,0/1
RTWWAISAVK,0/0
RTWWAISAVKMGLQINNVVDGKASFQLLRAKYEKKTANKKQSE,0/0
RTYIYWHGRDN,0/1
RVEDVMNTTEYW,0/0
RVEDVTNTAEYW,9/9
RVEDVTNTAEYWGF,0/0
RVRAYTYGVIDLPQSYEKINLKRRK,0/0
RVRAYTYGVIEMPKNYEKVSLNRKK,0/0
RWPITHLHT,0/1
RYIYKVLPQGWKGSP,0/0
RYPKTFGWL,1/1
RYPKTFGWLW,0/3
SAIPPSRSM,2/2
SAMGAASLTLTAQSR,0/0
SAPVSEKI,1/1
SAPVSEKIDM,0/1
SAPVSEKIDMV,0/1
SAPVSEKL,1/1
SARRHRILDIY,0/1
SARRHRILDMYL,0/1
SATETLAGAW,0/1
SDEAQEDEEHY,0/1
SDIAGTTSSV,0/2
SDLGTWQM,0/2
SDRTDLEHDRV,0/2
SEEEVRRRL,2/3
SEGCTPYDI,2/3
SEIYVAWV,2/2
SEKSKCEENTMFQPY,0/0
SENLKSLY,0/1
SENLKSLYNTV,2/3
SESRLVNQI,2/3
SESRLVNQII,2/3
SETDRWGL,0/2
SEVALNVTESF,0/3
SFNQYNCSINNKTELETWKL,0/0
SFPDPPTDT,0/1
SFPDPPTDTPL,0/1
SGAGSSGSRYLKKKFHHKHA,0/0
SGEETIGEAF,0/1
SGFIEAEVI,1/1
SGPGIRYPKT,0/1
SGPGIRYPKTF,0/1
SGPKANII,0/1
SGPKANIIV,1/1
SGPKTNII,0/1
SGPKTNIIV,2/2
SHLEVQGYW,2/2
SIIKYIVMFLLIYLLLTSSP,0/0
SIPDPPTNT,0/1
SIPLDEEF,0/1
SIPLDEEFRQY,0/1
SKEGKAGY,0/1
SKELLNSIGF,0/1
SKFKNFRVY,0/1
SKFKNFRVYY,0/1
SKNSKFKNF,0/1
SKPPTKGADF,0/1
SKWDDPWGEVL,0/0
SLESSNERSSCISEA,0/0
SLIANIDW,0/1
SLIANIDWI,0/1
SLSCEGQKY,0/2
SLTPKWNNETW,0/1
SLYNTVCVI,0/1
SLYNTVCVIW,0/1
SNPVRVEDVMNTTEYWGFKW,0/0
SNSVRVEDVT,0/0
SPPSYFQQTHI,1/1
SPPSYFQT,0/1
SPPSYFQTHT,2/3
SQEVKMVAW,0/1
SQEVKMVAWW,0/1
SQLYRPLEACY,0/1
SQPGAAINEHKNGSGGNNPH,0/0
SREDTWDQAQHNIHLAGVTG,0/0
SRNKRGVF,0/1
SRNKRGVFVLGFLGF,0/0
SRPSGDLRQRL,0/1
SSASNKPI,0/1
SSASNNRLI,1/1
SSCISEADA,0/1
SSDSSNSVRVEDVTNTAEYWGFKWLECNQT,0/0
SSGRGGNY,0/2
SSLSCEGQKY,0/1
SSMTKILEPF,0/1
SSNERSSCI,0/2
SSPPSYFQ,1/1
SSPPSYFQT,2/2
SSPPSYFQTH,1/1
SSPPSYFQTHT,1/1
SSVDEQIQW,1/2
SSVDEQIQWM,0/2
SSVDEQIQWMY,0/3
SSWPWQIEY,1/2
STKWRKLVDF,0/1
STLDNIIQPFIRQNP,0/0
STLNGMDLIERQIKILYAMI,0/0
STPEEKFQK,0/1
STPELANL,1/1
STPESANL,3/3
STPPLVRL,2/2
STPPLVRLV,2/2
STPPLVRLVF,2/3
STTASAKV,0/1
STTASAKVDM,1/2
STTITTAAP,1/1
STTSTTASAKV,0/1
STVTSLIAN,0/1
STYAVRITW,1/3
STYAVRITWY,1/2
STYFPCFTA,1/2
STYFPCFTAGE,1/1
SVIMYETNQVQYLLCNNNNS,0/0
SVRPKVPLRA,0/0
SWKQRNRWEW,0/0
SWPWQIEYI,2/2
SWPWQIEYIHF,0/1
SYETNRSMHMDNNTATLLEAYHREITF,0/0
SYPTGPGTA,0/1
SYVDRFYKSL,0/1
TAHIEGQPVEVLLDT,0/0
TALLEEAQI,1/1
TAPGGGDPEV,0/1
TAPGGGDPEVT,0/1
TAPPEDPA,0/1
TAPPEDPAV,1/1
TAPPEDPAVDL,0/1
TAPSSGRGGNY,0/1
TDAAVKNW,0/2
TDAAVKNWM,0/2
TDIKVVPRRKA,0/1
TDKINLTA,0/1
TDLEHDRV,0/2
TDLEHDRVV,0/2
TDLEHDRVVL,0/2
TDNGANFA,0/1
TDRGKDKV,0/2
TDRGKDKVKV,0/2
TDRGKDKVKVL,0/2
TDRWGLTKSI,0/2
TDSDHCQEYQCKKVNLNSSDS,0/0
TDSGPKANI,0/2
TDSGPKANII,0/2
TDSGPKANIIV,0/2
TDTPLDLA,0/1
TDTPLDLAI,0/2
TDVTPNYA,0/1
TDVTPNYADI,0/2
TDVTPNYADIL,0/2
TDYWQVTW,0/2
TDYWQVTWI,1/2
TEDLLHLNSL,2/3
TEDLLHLNSLF,0/3
TEEAKQIV,0/1
TEEVQWTEM,1/2
TELTYLQY,0/1
TELTYLQYGW,1/3
TEMAEAEY,0/2
TEQAIEDV,0/1
TEQAIEDVW,2/3
TEQAIEDVWQL,0/2
TESESRLV,0/1
TESESRLVNQI,2/4
TESFDAWNNT,0/1
TESFDAWNNTV,2/3
TETLAGAW,0/1
TETLAGAWGDL,0/2
TGIYQVPIFYTCTFTNITSCNSKPII,0/0
TILVPENEMVNINDTDTWIP,0/0
TIPLFCAT,0/1
TIVLMAVHCMNFKRR,0/0
TKDLQKVCY,0/1
TLAGAWGDLW,2/2
TLAYTYEAY,0/1
TLFNKVTKKLEKEKA,0/0
TLLSRVYQI,0/1
TLPSVNNA,0/1
TLRRGGRW,0/1
TLTIQNANEECR,0/0
TLYVTVFY,0/1
TMFQPYCYNNDSKNSMAESK,0/0
TMPKTSRPT,0/1
TMPKTSRPTA,1/1
TMSAEVAELYRLELG,0/0
TMSYKLAIDM,1/2
TNPYNTPTF,0/1
TNPYNTPTFA,0/1
TNPYNTPTFAI,0/1
TNPYPTGPGT,0/1
TPKWNNETW,0/1
TPPLVRLV,1/1
TPPLVRLVF,0/1
TPPLVRLVFNL,0/1
TPYDINQM,0/1
TPYDINQML,1/1
TRAENRTY,0/1
TRAENRTYIY,0/1
TRAENRTYIYW,0/1
TRMMETQTSTW,2/2
TRVTAIEKY,0/1
TSGPGIRY,1/2
TSIKPCVKL,0/1
TSITMSAEV,0/1
TSLIANIDW,0/1
TSRNKRGVF,0/1
TSRPTAPSSGR,0/1
TSRPTAPSSGRGGNY,0/0
TSSASNKPI,0/1
TSSVDEQIQW,0/1
TSSVDEQIQWM,0/3
TSTTASAKV,1/1
TSTTASAKVDM,0/5
TSTWFGFNG,0/1
TTASAKVDM,0/2
TTASAKVDMV,0/1
TTEQEIQF,0/2
TTNQQAELEAF,0/3
TTPESANL,3/4
TTPESANLG,1/1
TTPESANLGE,1/1
TTPESANLGEE,0/1
TTQCLPDNGDY,0/3
TVFYGVPAW,0/1
TVIKSQDNQW,0/1
TVPWPNASL,2/3
TVPWPNASLT,0/1
TVTSLIANI,0/1
TWGTTQCLPDNGDYS,0/0
TWIPEWDFI,0/1
VDCSPGIW,0/2
VDEQIQWM,1/3
VDEQIQWMY,0/1
VDFLEENI,2/3
VDFLEENIT,1/1
VDFLEENITA,0/1
VDFLEENITAL,2/4
VDLLKNYM,0/2
VDLLKNYMQL,0/2
VDMVNETSSCI,2/3
VDRFYKSL,0/2
VDRFYKSLRA,0/1
VDSQYVMGI,1/3
VDSQYVMGII,0/2
VEAMNHHL,0/2
VEDVTNTAEYW,0/1
VEEINREAV,0/1
VEIEVLGKRI,2/3
VEITPIGL,0/3
VEITPIGLA,0/1
VEITPIGLAP,0/1
VEITPIGLAPT,0/1
VEKAVATAPGL,0/2
VEKDVWEQW,1/3
VEKDVWEQWW,0/2
VEPVKVAL,0/2
VETGTTETM,0/1
VETIVLMAV,2/2
VFCHTGHPWNMSWGHLNEST,0/0
VGPKLKQW,0/1
VGPKLKQWPL,0/1
VIKSQDNQW,0/1
VILLRIVIYIVQMLA,0/0
VIPQETGRQT,0/1
VIPQETGRQTA,0/1
VKDPIEGEETY,0/1
VKELVFKF,0/1
VKLIEEKKF,0/1
VKSIEAFGESYISEKTKGEI,0/0
VKTSGITPLPISSEANTGLI,0/0
VLDIGDAY,0/1
VLDIGDAYF,0/1
VLMAVHCMNF,0/1
VLNWAAQIY,0/1
VLPQGWKGSPA,0/1
VLPVTIMSGL,1/1
VLPVTIMSGLV,1/2
VLRTELTY,0/1
VLRTELTYL,0/1
VLRTELTYLQY,0/1
VNHLPRELI,1/1
VNPTLEEM,0/1
VNPTLEEML,0/2
VNPTLEEMLT,3/4
VPHFKVGWAW,2/2
VQNHTFEVENSTLNGMDLIE,0/0
VQYMDDILI,1/1
VRITWYSKNF,0/1
VRITWYSKNFW,0/1
VRPKVPLRA,0/1
VRPKVPLRAM,0/1
VRSQGENPTW,0/1
VRVEDVTNTAEY,0/1
VSQGIRQVL,0/1
VSQGIRQVLF,1/2
VSSCTRMM,1/4
VSVRPKVPL,0/1
VTAQSRTL,1/1
VTAQSRTLL,1/1
VTEDLLHLN,0/1
VTGIELGPHY,0/1
VTIMSELVF,1/1
VTIMSGLVF,2/2
VTKKLEKEKAIRIFV,0/0
VTPDYADI,1/1
VTPDYADILL,1/1
VTPDYADILLH,1/1
VTPNYADI,2/2
VTPNYADIL,2/3
VTPNYADILL,2/3
VTSLIANIDW,0/1
VTVFYGVPAW,0/1
VTVLDVGDAY,0/1
VTWIPEWDF,0/3
VTWIPEWDFI,0/1
VVKRQQELLRLTVWG,0/0
VVPGFQAL,1/1
VVPGFQALS,1/1
VVPGFQALSEG,0/1
VVPRRKAKI,0/1
VVPRRKAKII,0/1
VWEQWWTDYW,2/2
VWQRSWEYW,0/1
WAANELDRF,0/1
WAISAVKMGLQI,0/0
WDAIRFRY,0/1
WDAIRFRYCA,0/1
WDDPWGEV,0/2
WDDPWGEVL,0/2
WDDPWGEVLA,0/1
WDDPWGEVLAW,0/3
WDEWVVEV,0/2
WDEWVVEVL,2/3
WDFISTPPL,1/3
WDFISTPPLV,0/2
WDFISTPPLVRLVFN,0/0
WDLQHPQPA,0/1
WDVFGNWF,0/2
WDVFGNWFDL,0/2
WDVFGNWFDLA,0/1
WEQWWTDY,0/2
WEQWWTDYW,2/3
WEQWWTDYWQV,2/3
WERGTLCKAM,1/2
WERKVDFL,2/3
WETLRRGGRW,0/2
WEYWHDEQGM,1/3
WGEVLAWKF,0/1
WGSFPGCRPFQNYFSYET,0/0
WHKVGKNVYLPPREG,0/0
WHLTPEKGW,0/1
WIPEWDFI,0/1
WIPEWDFIST,0/1
WIQLGLQKCV,0/0
WKGPGELLW,2/2
WKGSPAIF,0/1
WKGSPAIFQY,0/1
WLECNQTENFKTILVPENEMVN,0/0
WLFSNCRTL,0/2
WLSTYAVRITW,0/1
WLSTYAVRITWYSKN,0/0
WNCLPQGFVLSPYIYQKTLQEI,0/0
WNNETWQEW,0/1
WPNASLTPKW,0/1
WQVTWIPEW,2/2
WRIPERLERW,2/2
WRNATIPLF,0/1
WRRDNRRGLRMAKQN,0/0
WSMGKEAPQF,1/3
WSYFHEAVQAG,0/1
WTCSRVIF,1/4
WTCSRVIFPL,2/2
WTDVTPDC,0/1
WTDVTPDY,1/3
WTDVTPNY,2/3
WTDVTPNYA,0/1
WTDYWQVTW,0/1
WTEMAEAEY,1/2
WTNCRGEF,1/3
WTNCRGEFLY,1/2
WTVNDIQKL,0/1
WTVNDIQKLV,0/1
WVPAHKGI,1/1
WWAISAVKMGL,0/0
WWTDYWQVTW,0/1
WWYEGLPQQHYIGLVA,0/0
WWYEGLPQQHYIGLVAIGGR,0/0
YACRDIGTTKQK,0/0
YADILLHSTY,1/2
YAVRITWYS,1/1
YCKKCCYHCQF,0/1
YCKMNWFLNW,0/1
YDINQMLNCV,0/2
YEAYVRYPEEF,0/3
YEENKIIL,0/2
YEKKTANK,0/0
YELHPDKW,0/2
YELQKLNSW,2/3
YELQKLNSWDV,2/3
YELWPTKW,2/2
YELWPTKWKL,2/3
YFHEAVQAVW,2/2
YFPCFTAGEV,0/1
YGGIPGGISTPITQQSEK,0/0
YGGIPGGISTPITQQSEKSK,0/0
YHCQFCFLKKGLGIC,0/0
YIGLVAIGGRLNGSGQSNAI,0/0
YIGRALNPGTSHVSMPQYV,0/0
YISEKTKGEISQPGAAINEH,0/0
YIYKVLPQGW,0/1
YKTKDLQKVCY,0/1
YKVLPQGW,0/1
YLCLIQKALF,0/2
YLCLIQKALFMHCKK,0/0
YLEKEEGII,0/1
YLKDQAQLNAW,0/1
YLMHPAQTSQW,0/1
YLPPREGDL,0/1
YLPPREGDLT,0/1
YLQYGWSY,0/1
YLQYGWSYF,0/1
YMLKHVVWAA,1/1
YNCVVQSFGVIGQAHLELPRPNKRIRN,0/0
YNLTMKCR,0/2
YNPQSQGVV,1/1
YNQGQYMNTPW,0/1
YNTCYCKKCCY,0/1
YPEFVDRLLS,0/0
YPEFVDRLLSQI,0/0
YPKTFGWLW,0/2
YREGRDQLW,2/2
YRLELGDY,0/1
YRPLEACY,0/2
YRPLEACYNT,0/1
YRPVFSSPPSY,0/1
YSARRHRI,0/1
YSARRHRIL,3/3
YSARRHRILDI,0/1
YSARRHRILDM,0/1
YSCENNIGELDGML,0/0
YSELALNVTE,1/1
YSKNFWTDV,1/2
YSTDLVCEQR,0/1
YTAFTIPSI,6/6
YTAFTLPSV,1/1
YTFGPGIRY,2/2
YTLGPGIRF,1/1
YTLGPGIRY,2/2
YTMRHVLEPF,2/2
YTPKIVGG,1/1
YTPKIVGGI,2/3
YTPKIVGGIG,0/1
YTPKIVGGIGG,1/1
YTSGPGIRF,2/2
YTSGPGIRY,4/5
YTYEAYARYPEELEASQACQRKRLEEG,0/0
YTYEAYVRY,1/2
YVPCHIRQI,2/2
YVPCHIRQII,0/1
YVPHFKVGW,0/2
YVPHFKVGWA,0/1
YVPHFKVGWAW,0/1
YVPHFKVGWAWWTCS,0/0
YVVVGVILL,0/1
YWHLTPEKGW,0/1
YWQVTWIPEW,0/1
YYREGRDQLW,0/1
AIDKIADDWDNRHPLPNAPL,0/0
DRLLSQIKSEGHPQEISKFL,0/0
EAFERTWWAISAVKMGLQIN,0/0
EDVTQTLSGQEREAFERTWW,0/0
EKKTANKKQSEPSEEY,0/0
GKASFQLLRAKYEKKTANKK,0/0
KDWQLRDVIPLLEDVTQTLS,0/0
KVMIGKPKAQNIRQGAKEPY,0/0
LTTGNCNWALSLVDLFHDTN,0/0
MGDPLTWSKALKKLEKVTVQ,0/0
MRHLRPEDTLEEKMYACRDI,0/0
NTIQTNGLLNEASQNLFGIL,0/0
PGQAGQKQILLDAIDKIADD,0/0
PIMIDGAGNRNFRPLTPRGY,0/0
PQEISKFLTDTLTIQNANEE,0/0
RPLTPRGYTTWVNTIQTNGL,0/0
RQGAKEPYPEFVDRLLSQIK,0/0
RQWIIEAMSEGIKVMIGKPK,0/0
SQNLFGILSVDCTSEEMNAF,0/0
TIQNANEECRNAMRHLRPED,0/0
TSEEMNAFLDVVPGQAGQKQ,0/0
VDLFHDTNFVKEKDWQLRDV,0/0
VKMGLQINNVVDGKASFQLL,0/0
KKGLQQLQEWEDWVGWIGN,0/0
QVVKQPDYLVVPGEVMEYKPRR,0/0
CTWQQWERGLQGYD,0/0
DVLEATYAMVQHVAK,0/0
EAITDRIMLYQE,0/0
EDYITLISDPYGFSPIKNVSGVPVTCVTKEFAKW,0/0
EFAKWGCQPLGAYPDPEIEYRNVSQEVVKEV,0/0
KESAAMTQLAEEQARRIPEVWESLKDVFDWSGWFSWLKYIPIIVVGLLG,0/0
PIPVGAEIIPESMKYLRGAKSQYGGIKDKNGELKLPLTL,0/0
VCQPLVQIYRTLSTPTYQRVTVIMETRADVAGENQDFGDGLEESDNS,0/0
CAADKEILDE,0/0
AGRDFWGKVKAK,0/0
CKSQRDSYIAGR,0/0
CNNSSLDRTGNG,0/0
CNNSSLDRTGSG,0/0
CSKCNNSSLDRT,0/0
CSLPHRNESNKW,0/0
CSRCNNSSLDRT,0/0
DFWGKVKAKYSC,0/0
DFWGRVKAKYSC,0/0
DLKCSLPHRNES,0/0
DLKCSLPHRNESNKWTCAARRKGSRRDSLYIAGRDFWGR,0/0
DRTGNGTLGTVN,0/0
DRTGSGTLGTVN,0/0
DSLYIAGRDFWG,0/0
DSYIAGRDFWGK,0/0
ESNKWTCAARRK,0/0
ESNKWTCKSQRD,0/0
FWGKVKAKYSCE,0/0
FWGRVKAKYSCE,0/0
GKVKAKYSCESN,0/0
GRDFWGKVKAKY,0/0
GRDFWGRVKAKY,0/0
GRVKAKYSCESN,0/0
GSRRDSLYIAGR,0/0
HRNESNKWTCAA,0/0
HRNESNKWTCKS,0/0
IAGRDFWGKVKA,0/0
IAGRDFWGRVKA,0/0
IYQNCSKCNNSS,0/0
IYQNCSRCNNSS,0/0
KCNNSSLDRTGN,0/0
KCSLPHRNESNK,0/0
KGSRR,0/0
KSQRDSYIAGRD,0/0
KVKAKYSCESNL,0/0
KWTCAARRKGSR,0/0
KWTCKSQRDSYI,0/0
LDRTGNGTLGTV,0/0
LDRTGSGTLGTV,0/0
LKCSLPHRNESN,0/0
LPHRNESNKWTC,0/0
LYIAGRDFWGRV,0/0
MWNIYQNCSKCN,0/0
MWNIYQNCSRCN,0/0
NCSKCNNSSLDR,0/0
NDLKCSLPHRNE,0/0
NESNKWTCAARR,0/0
NESNKWTCKSQR,0/0
NIYQNCSKCNNS,0/0
NIYQNCSRCNNS,0/0
NKWTCAARRKGS,0/0
NKWTCKSQRDSY,0/0
NLKCSLPHRNES,0/0
NLKCSLPHRNESNKWTCKSQRDSYIAGRDFWGK,0/0
NNLKCSLPHRNE,0/0
NNSSLDRTGNGT,0/0
NNSSLDRTGSGT,0/0
NSSLDRTGNGTL,0/0
NSSLDRTGSGTL,0/0
PHRNESNKWTCA,0/0
PHRNESNKWTCK,0/0
QNCSKCNNSSLD,0/0
QNCSRCNNSSLD,0/0
QRDSYIAGRDFW,0/0
RCNNSSLDRTGS,0/0
RDFWGKVKAKYS,0/0
RDFWGRVKAKYS,0/0
RDSYIAGRDFWG,0/0
RNESNKWTCKSQ,0/0
RRDSLYIAGRDF,0/0
RTGNGTLGTVND,0/0
RTGSGTLGTVNN,0/0
RVKAKYSCESNL,0/0
SKCNNSSLDRTG,0/0
SLDRTGNGTLGT,0/0
SLDRTGSGTLGT,0/0
SLPHRNESNKWT,0/0
SLYIAGRDFWGR,0/0
SNKWTCAARRKG,0/0
SNKWTCKSQRDS,0/0
SQRDSYIAGRDF,0/0
SRCNNSSLDRTG,0/0
SRRDSLYIAGRD,0/0
SSLDRTGNGTLG,0/0
SSLDRTGSGTLG,0/0
SYIAGRDFWGKV,0/0
TCKSQRDSYIAG,0/0
TGNGTLGTVNDL,0/0
TGSGTLGTVNNL,0/0
TMWNIYQNCSKC,0/0
TMWNIYQNCSRC,0/0
TTMWNIYQNCSK,0/0
TTMWNIYQNCSR,0/0
TVNDLK,0/0
TVNNLK,0/0
VNDLKCSLPHRN,0/0
VNNLKCSLPHRN,0/0
WGKVKAKYSCES,0/0
WGRVKAKYSCES,0/0
WNIYQNCSKCNN,0/0
WNIYQNCSRCNN,0/0
WTCKSQRDSYIA,0/0
YIAGRDFWGKVK,0/0
YIAGRDFWGRVK,0/0
YQNCSKCNNSSL,0/0
YQNCSRCNNSSL,0/0
ACRDIG,0/0
ACRDIGTTKQKMMLL,0/0
AFDQFRQTYRQWIIE,0/0
AFLDVVPGQAGQKQI,0/0
AGNRNFRPLTPRGYT,0/0
AGQKQILLDAIDKIA,0/0
AIDKIADDWDNRHPL,0/0
AKEPYP,0/0
AKEPYPEFVDRLLSQ,0/0
AMRHLR,0/0
AMSEGIKVMIGKPKA,0/0
ANEECR,0/0
APPQGPIPMTARFIR,0/0
CRDIGT,0/0
CRNAMR,0/0
DDWDNRHPLPNAPLV,0/0
DIGTTK,0/0
DIGTTKQKMMLLAKA,0/0
DNRHPLPNAPLVAPP,0/0
DRLLSQ,0/0
DRLLSQIKSEGHPQE,0/0
DTLEEK,0/0
DTLTIQ,0/0
DTLTIQNANEECRNA,0/0
DVVPGQAGQKQILLD,0/0
ECRNAM,0/0
EDTLEE,0/0
EDTLEEKMYACRDIG,0/0
EECRNA,0/0
EECRNAMRHLRPEDT,0/0
EEKMYA,0/0
EFVDRL,0/0
EFVDRLLSQIKSEGH,0/0
EGHPQE,0/0
EGHPQEISKFLTDTL,0/0
EGIKVMIGKPKAQNI,0/0
EISKFL,0/0
EKMYAC,0/0
EMNAFLDVVPGQAGQ,0/0
EPYPEF,0/0
ERQMEPAFDQFRQTY,0/0
FIRGLGVPRERQMEP,0/0
FLTDTL,0/0
FLTDTLTIQNANEEC,0/0
FVDRLL,0/0
GAKEPY,0/0
GHPQEI,0/0
GLGVPRERQMEPAFD,0/0
GLLNEASQNLFGILS,0/0
GTTKQK,0/0
GYTTWVNTIQTNGLL,0/0
HLRPED,0/0
HPLPNAPLVAPPQGP,0/0
HPQEIS,0/0
IDGAGNRNFRPLTPR,0/0
IGKPKAQNIRQGAKE,0/0
IGTTKQ,0/0
IIEAMSEGIKVMIGK,0/0
IKSEGH,0/0
IKSEGHPQEISKFLT,0/0
ILSVDCTSEEMNAFL,0/0
IPMTARFIRGLGVPR,0/0
IQNANE,0/0
IRQGAK,0/0
ISKFLT,0/0
ISKFLTDTLTIQNAN,0/0
KEPYPE,0/0
KFLTDT,0/0
KIADDWDNRHPLPNA,0/0
KMMLLA,0/0
KMYACR,0/0
KMYACRDIGTTKQKM,0/0
KQILLDAIDKIADDW,0/0
KQKMML,0/0
KSEGHP,0/0
KVMIGKPKAQNIRQG,0/0
LEEKMY,0/0
LEEKMYACRDIGTTK,0/0
LFGILSVDCTSEEMN,0/0
LLAKAL,0/0
LLDAIDKIADDWDNR,0/0
LLSQIK,0/0
LRPEDT,0/0
LRPEDTLEEKMYACR,0/0
LSQIKS,0/0
LSQIKSEGHPQEISK,0/0
LTDTLT,0/0
LTIQNA,0/0
MEPAFDQFRQTYRQW,0/0
MLLAKA,0/0
MMLLAK,0/0
MRHLRP,0/0
MRHLRPEDTLEEKMY,0/0
MYACRD,0/0
NAMRHL,0/0
NANEEC,0/0
NANEECRNAMRHLRP,0/0
NEASQNLFGILSVDC,0/0
NEECRN,0/0
NTIQTNGLLNEASQN,0/0
PEDTLE,0/0
PEFVDR,0/0
PGQAGQKQILLDAID,0/0
PIMIDGAGNRNFRPL,0/0
PKAQNIRQGAKEPYP,0/0
PLVAPPQGPIPMTAR,0/0
PNAPLVAPPQGPIPM,0/0
PQEISK,0/0
PQEISKFLTDTLTIQ,0/0
PYPEFV,0/0
PYPEFVDRLLSQIKS,0/0
QEISKF,0/0
QFRQTYRQWIIEAMS,0/0
QGAKEP,0/0
QGPIPMTARFIRGLG,0/0
QIKSEG,0/0
QKMMLL,0/0
QNANEE,0/0
QNIRQGAKEPYPEFV,0/0
QTNGLLNEASQNLFG,0/0
QTYRQWIIEAMSEGI,0/0
RDIGTT,0/0
RHLRPE,0/0
RLLSQI,0/0
RNAMRH,0/0
RNAMRHLRPEDTLEE,0/0
RNFRPLTPRGYTTWV,0/0
RPEDTL,0/0
RPLTPRGYTTWVNTI,0/0
RQGAKE,0/0
RQGAKEPYPEFVDRL,0/0
RQWIIEAMSEGIKVM,0/0
SEGHPQ,0/0
SKFLTD,0/0
SQIKSE,0/0
SQNLFGILSVDCTSE,0/0
TARFIRGLGVPRERQ,0/0
TDTLTI,0/0
TIQNAN,0/0
TIQNANEECRNAMRH,0/0
TKQKMM,0/0
TLEEKM,0/0
TLTIQN,0/0
TPRGYTTWVNTIQTN,0/0
TSEEMNAFLDVVPGQ,0/0
TTKQKM,0/0
TTKQKMMLLAKAL,0/0
TWVNTIQTNGLLNEA,0/0
VDCTSEEMNAFLDVV,0/0
VDRLLS,0/0
VPRERQMEPAFDQFR,0/0
YACRDI,0/0
YPEFVD,0/0
AFEFMIRNWDEE,0/0
DEEVIKNPIQAR,0/0
DSRYAFEFMIRN,0/0
EFMIRNWDEEVI,0/0
MIRNWDEEVIKN,0/0
RNWDEEVIKNPI,0/0
RYAFEFMIRNWD,0/0
WDEEVIKNPIQA,0/0
EMPENYAKTRIINRKK,0/0
PYEDFAARLLEAIDAE,0/0
FYCKMNWFL,1/1
LYCKMNWFL,1/1
KVRAYTYGVVEMPSNYEQKDRKKRD,0/0
RVRAYTYGVIDMPKNYEKTNLNRKK,0/0
TGKIPWILLPGR,0/0
MMDLSHFLK,3/5
AEIIPEAM,0/0
AAVKNWMTQTL,0/0
LKSLYNTVC,0/1
LLHSTYFPC,0/1
QAQLNAWGC,0/1
SSCIAQDNC,0/1
YVMGIITGC,0/1
DHQAAMQII,1/1
DRFGLAESL,1/1
FQYTMRHVL,0/1
FRQYTAFTL,1/1
IHGQANSDL,0/1
NHLPRELIF,0/1
THIQQDPAL,1/1
THTNGVRLL,0/1
VPSLQYLAL,0/1
WQIEYIHFL,1/1
CTSEEMNAF,1/1
DTLEEKMY,0/1
ESMGGQTPW,1/1
EVLQERLEW,0/1
FSYETNRSM,0/1
GSFPGCRPF,0/1
HTDNGTNF,1/1
IAASATMSY,0/1
LSGQEREAF,0/1
LTPRGYTTW,1/1
MTARFIRGL,1/2
NTPDSIAQF,0/1
TTGGILWWY,0/1
VTVQGSQKL,0/1
NLDKIAEE,0/0
AMANVSTGR,0/1
AVMPSAPPM,0/1
FTAAEIMGI,0/1
KMVSIFMEK,1/1
KQRGRIGGM,0/1
NAGKFRRAR,0/1
RMANVSTGR,3/3
TVNGAPQYV,0/1
AGTTSSVDEQIQWMY,0/0
APLVPTGSENLKSLY,0/0
CTPYDINQMLNCVGD,0/0
EEEVRRRLTARGLLN,0/0
GLDKGLSSLSCEGQK,0/0
IPDWQDYTSGPGIRY,0/0
KCVRMYNPTNILDVK,0/0
LGLQKCVRMYNPTNI,0/0
LSEGCTPYDINQMLN,0/0
QGQLREPSGSDIAGT,0/0
QSPGGLDKGLSSLSC,0/0
RRHRILDIYLEKEEG,0/0
RRRLTARGLLNMADK,0/0
SSVDEQIQWMYRQQN,0/0
RMYNPTNIL,0/0
SSADEQIQW,0/1
SSAEEQIQW,0/1
SSVDEQLQW,1/1
SSVEEQIQW,1/1
SSVEEQLQW,1/1
KQGSKE,0/0
PGNRAQKE,0/0
RPQGKAGHKG,0/0
CQKQMDRVLGTRVQQATVEEKMQACR,0/0
GNRAQKELIQGKLNEEA,0/0
