Epitope - Name,Score,eh epitopo
AAMQIIRDI,0/0,0
AAPQFSLW,0/0,0
AAPQFSLWR,0/0,0
AAPTSAPV,0/0,0
AAPTSAPVS,0/0,0
ACNVSRLKINRKDYTGIYQV,0/0,0
ADASTPESA,0/0,0
ADASTPESANL,0/0,0
ADDSIVTGI,0/0,0
ADDSIVTGIEL,0/0,0
ADELEKIRL,0/0,0
ADILLHSTY,0/0,0
ADILLHSTYF,0/0,0
ADTSRIGNCGPTIFLGVLED,2/2,1
ADWDLQHPQPA,0/0,0
AEAEYEENKI,0/0,0
AEAEYEENKII,0/0,0
AEALKEAL,0/0,0
AEALKEALAPV,0/0,0
AEEREKLAY,0/0,0
AEHLKTAV,0/0,0
AELEAFLM,0/0,0
AELEAFLMAL,0/0,0
AELYRLEL,0/0,0
AELYRLELGDY,0/0,0
AENRTYIY,0/0,0
AENRTYIYW,0/0,0
AEPGKRYI,0/0,0
AEPGKRYIY,0/0,0
AEPGKRYIYKV,0/0,0
AEQTDAAV,0/0,0
AEQTDAAVKNW,0/0,0
AERKQREAL,0/0,0
AERLINMI,0/0,0
AETGQETA,0/0,0
AETGQETAY,0/0,0
AEVAELYRL,0/0,0
AEVAELYRLEL,0/0,0
AEVVPGFQAL,0/0,0
AEYEENKI,0/0,0
AEYEENKII,0/0,0
AEYEENKIIL,0/0,0
AGFLGLGPW,0/0,0
AIDMSHFIKEK,0/0,0
AIKKKDKNKW,0/0,0
AILLLSVYGIYCTLY,0/0,0
AIPPSRSM,0/0,0
AIPPSRSML,0/0,0
AKCPDRQAGF,0/0,0
AKLRQGYRPVF,0/0,0
AKTRIINRRKRELS,2/2,1
ALADRIYSF,0/0,0
ALAPVPIPF,0/0,0
ALAPVPIPFAAAQQR,0/0,0
ALFLLKLAGRW,0/0,0
ALGKLAAIKAKSPRA,0/0,0
ALGMSLNF,0/0,0
ALGMSLNFPIAKVEP,0/0,0
ALKHFDPRLLTALGN,0/0,0
ALLRCNDTNY,0/0,0
ALNVTESF,0/0,0
ALNVTESFDAW,0/0,0
ALQGGDRGF,0/0,0
ALTEVNKIMEVQNHTFEVEN,0/0,0
ANEECRNAMRHLRPEDTLEEKMYACRDIG,3/4,1
ANFPGLAKVLGILA,0/0,0
ANPDVTLV,0/0,0
ANPDVTLVQY,0/0,0
ANTSRIGNCGPTIFLGVLED,0/0,0
APPEDPAV,0/0,0
APPEDPAVDL,0/0,0
APPEDPAVDLL,0/0,0
APPGYALL,0/0,0
APPGYALLR,0/0,0
APPTNPYNT,0/0,0
APPTNPYNTPT,0/0,0
AQFGKDLWSHIGNWIPGLGA,0/0,0
AQTSKWDDPW,0/0,0
AQTSQWDDPW,0/0,0
ARLMAEALKEALAPV,0/0,0
ARRHRIL,0/0,0
ARRHRILD,0/0,0
ARRHRILDIY,0/0,0
ARRHRILDM,0/0,0
ARRHRILDMY,0/0,0
ARRHRILDMYL,0/0,0
ARRHRILDMYLE,0/0,0
ASQEVKMVAW,0/0,0
ASTPESANL,0/0,0
ASWIKYIQY,0/0,0
ATAGSAIGAV,0/0,0
ATETLAGAW,0/0,0
ATLLEAYHREITFIYKSSCT,0/0,0
ATTPESANL,0/0,0
ATTPESANLG,0/0,0
AVHVASGFI,0/0,0
AVPTWRIPERL,0/0,0
AVVGLLNMTVSTAAA,0/0,0
AWCWFGGKW,0/0,0
AWIEFGCHRNKSKLH,0/0,0
CAFRQVCHTTVPWPN,0/0,0
CAPPGYAL,0/0,0
CAPPGYALL,0/0,0
CATKNRDTW,0/0,0
CCGFPLWLFWGLVIIVGRIA,0/0,0
CCYHCQFCF,0/0,0
CDKCHQKGEA,0/0,0
CDKCHQKGEAI,0/0,0
CDKHYWDA,0/0,0
CDKHYWDAI,0/0,0
CDKHYWDAIRF,0/0,0
CEGQKYNQGQY,0/0,0
CEKMEKDGQL,0/0,0
CHIRQIINTW,0/0,0
CISEADASTPESANL,0/0,0
CKKCCYHCQF,0/0,0
CKMNWFLNW,0/0,0
CLAGTTGGILWWYEGLPQQH,0/0,0
CLGEGHGAGGW,0/0,0
CLIQKALF,0/0,0
CLIQKALFM,0/0,0
CLPDNGDYSEL,0/0,0
CNKSETDRW,0/0,0
CQPEKAKKET,0/0,0
CQPEKAKKETV,0/0,0
CRAPRRQGCW,0/0,0
CRFPRAHKY,0/0,0
CRTLLSRVY,0/0,0
CSPRGPSC,0/0,0
CSRNDWNGESEEYNRRPKSW,0/0,0
CSRVIFPLQ,0/0,0
CSRVIFPLQEG,0/0,0
CTGLEQEQM,0/0,0
CTHLEGKII,0/0,0
CTLYVTVF,0/0,0
CTLYVTVFY,0/0,0
CTPYDINQ,0/0,0
CTPYDINQL,0/0,0
CTPYDINQM,0/0,0
CTPYDINQML,0/0,0
CTPYDINQMLN,0/0,0
CTWQQWERELQGYD,3/4,1
CVKLSPLCITMRCNK,0/0,0
CYHCQFCF,0/0,0
CYVPHFKVGW,0/0,0
DCRQKGGDKGQSQQQG,1/1,1
DCTHLEGKIIIVAVH,0/0,0
DCTSEEMNAF,0/0,0
DDDLVGVSV,0/0,0
DDIDEEDDDL,0/0,0
DDIDEEDDDLV,0/0,0
DDLVGVSV,0/0,0
DDLYVGSDL,0/0,0
DDPWGEVL,0/0,0
DDPWGEVLA,0/0,0
DDPWGEVLAW,0/0,0
DDSIVTGI,0/0,0
DDSIVTGIEL,0/0,0
DEAQEDEEHY,0/0,0
DEAQEDEEHYL,0/0,0
DEEDDDLV,0/0,0
DEEDDDLVGV,0/0,0
DEEFRQYTAF,0/0,0
DEEHYLMHPA,0/0,0
DELEKIRL,0/0,0
DEQGMSPSY,0/0,0
DEQGMSPSYV,0/0,0
DEQIQWMY,0/0,0
DEWVVEVL,0/0,0
DEWVVEVLEEL,0/0,0
DFPGLAKVL,0/0,0
DIDEEDDDL,0/0,0
DIINEEAADW,0/0,0
DILLHSTYF,0/0,0
DKHYWDAIRF,0/0,0
DKKKEYNETW,0/0,0
DKKKEYNETWY,0/0,0
DKNKWRMLIDF,0/0,0
DLASWIKY,0/0,0
DLASWIKYI,0/0,0
DLASWIKYIQY,0/0,0
DLLHLNSLF,0/0,0
DLNQEILTILHGARNNLAQS,0/0,0
DLQKVCYVPHF,0/0,0
DMAIVTLKVFAVVGL,0/0,0
DMPQSYIQNQEKYKK,1/1,1
DPPFQWMGY,0/0,0
DPPFQWMGYEL,0/0,0
DPPTDTPL,0/0,0
DPPTDTPLDL,0/0,0
DPPTDTPLDLA,0/0,0
DPPTNTPEA,0/0,0
DPPTNTPEAL,0/0,0
DPWGEVLAW,0/0,0
DRGFAAPQF,0/0,0
DRLFAQIDQEQNTAE,0/0,0
DRLLSQIKSE,0/0,0
DRPKQAWCW,0/0,0
DRPKQAWCWF,0/0,0
DSDHCQEYQCKKVNLNSSDS,0/0,0
DSKNSMAESKEARDQEMNLK,0/0,0
DTCGNTQNVSGANPV,0/0,0
DTLEGAGEL,0/0,0
DTLEGAGELI,0/0,0
DTNYSGFM,0/0,0
DTPINIFGR,0/0,0
DTPINIFGRNL,0/0,0
DTPLDLAI,0/0,0
DTPLDLAIQ,0/0,0
DTPLDLAIQQL,0/0,0
DTWGTTQCL,0/0,0
DVKRYTTGGTSRNKR,0/0,0
DWWKIGMFLLCLAGTTGGIL,0/0,0
DYKLVEI,0/0,0
EACYNTCY,0/0,0
EAEYEENKI,0/0,0
EAPPTNPY,0/0,0
EAPPTNPYN,0/0,0
EAPPTNPYNT,0/0,0
EAPQFPHGSSA,0/0,0
EAQEDEEHY,0/0,0
EARDQEMNLKEESKEEKRRN,0/0,0
EAYVRYPEEF,0/0,0
ECWGSFPGCRPFQNYFSYET,0/0,0
EDDDLVGV,0/0,0
EDDDLVGVSV,0/0,0
EDEEHYLM,0/0,0
EDEEHYLMHPA,0/0,0
EDGYSQSPGGL,0/0,0
EDKILKVGKF,0/0,0
EDKILKVGKFA,0/0,0
EDLLHLNSL,0/0,0
EDLLHLNSLF,0/0,0
EDPAVDLL,0/0,0
EDPAVDLLKNY,0/0,0
EDTGEAREV,0/0,0
EDTGEAREVA,0/0,0
EDTLEEKMYACR,0/0,0
EDVWQLFETSI,0/0,0
EDWVGWIGNIPQYLK,0/0,0
EEAADWDL,0/0,0
EEAKQIVQRHL,0/0,0
EEALKHFDPRL,0/0,0
EEAPPTNPY,0/0,0
EEAPPTNPYNT,0/0,0
EEAQIQQEKNM,0/0,0
EEDDDLVGV,0/0,0
EEDDDLVGVSV,0/0,0
EEEKRWIAV,0/0,0
EEELRKRL,0/0,0
EEELRKRLRL,0/0,0
EEELRKRLRLI,0/0,0
EEEVRRRL,0/0,0
EEEVRRRLTA,0/0,0
EEFGSKSGL,0/0,0
EEFRQYTAF,0/0,0
EEFRQYTAFTL,0/0,0
EEGIIPDW,0/0,0
EEGIIPDWQDY,0/0,0
EEHDKYHSNV,0/0,0
EEHYLMHPA,0/0,0
EEILSQLY,0/0,0
EEILSQLYRPL,0/0,0
EEINREAV,0/0,0
EEINREAVNHL,0/0,0
EEKAFSPEV,0/0,0
EEKFQKDPPF,0/0,0
EEKKFGAEV,0/0,0
EEKKFGAEVV,0/0,0
EEKRWIAV,0/0,0
EEKRWIAVPTW,0/0,0
EELKEEAL,0/0,0
EELKEEALKHF,0/0,0
EELRKRLRL,0/0,0
EELRKRLRLI,0/0,0
EEMIKKSEI,0/0,0
EEMIKKSEIY,0/0,0
EEMIKKSEIYV,0/0,0
EEMLTACQGV,0/0,0
EENITALL,0/0,0
EEREKLAY,0/0,0
EESKEEKRRNDWWKIGMFLL,0/0,0
EETIGEAF,0/0,0
EETIGEAFEW,0/0,0
EETIGEAFEWL,0/0,0
EEVQWTEM,0/0,0
EEVRRRLTA,0/0,0
EEYNRRPKSWVKSIEAFGES,0/0,0
EFLYCKMNW,0/0,0
EFRQYTAFTLPSVNN,0/0,0
EGAGELIRI,0/0,0
EGGGNSSWPW,0/0,0
EGGNIYDCCIKAQEGTLAIP,0/0,0
EGIIPDWQDY,0/0,0
EGPQREPW,0/0,0
EGPQREPWDEW,0/0,0
EGQKYNQGQY,0/0,0
EGSHLEVQGY,0/0,0
EIMGIGLTQEQQAEA,0/0,0
EIPERPTLNELQKLA,0/0,0
EITPIGLA,0/0,0
EITPIGLAP,0/0,0
EITPIGLAPT,0/0,0
EIVYFAWVPGHKGIYG,0/0,0
EKDVWEQW,0/0,0
EKDVWEQWW,0/0,0
EKFQKDPPF,0/0,0
EKFQKDPPFQW,0/0,0
EKGGLEGIYYSARRHRILDMYLE,0/0,0
EKQRESREKPY,0/0,0
EKRWIAVPTW,0/0,0
ELDIYQYMDDIYIGS,0/0,0
ELGDYKLVEI,0/0,0
ELIRILQRALF,0/0,0
ELKEEALKHF,0/0,0
ELLNSIGF,0/0,0
ELLRLTVW,0/0,0
ELNRVTQDF,0/0,0
ELPQRETW,0/0,0
ELPQRETWT,0/0,0
ELPQRETWTV,0/0,0
ELQKLNSW,0/0,0
ELQKLNSWDVF,0/0,0
ELTYLQYGW,0/0,0
ELTYLQYGWSY,0/0,0
ELYRLELGDY,0/0,0
EMIKKSEIYVAWVPA,0/0,0
EMPKNYEKVSLNRKK,0/1,0
EMPTSYMESQKRKKK,0/1,0
ENEGPQREPW,0/0,0
ENPTWKQW,0/0,0
EQANSVETI,0/0,0
ERQQVEETFNLIGCIERTHVFCHTG,3/3,1
ESANLGEEI,0/0,0
ESANLGEEIL,0/0,0
ESSNERSSCI,0/0,0
ETGRQTALF,0/0,0
ETGTTETM,0/0,0
ETIGEAFEW,0/0,0
ETIGEAFEWL,0/0,0
ETIVLMAVHCM,0/0,0
ETLRRGGRW,0/0,0
ETPLREQENSL,0/0,0
ETQTSTWF,0/0,0
ETQTSTWFGF,0/0,0
ETVEKAVATA,0/0,0
ETWKLVKTSGVTPLPISSEANTGLIR,2/2,1
ETWKLVKTSGVTPLPISSEANTGLIRHKR,1/1,1
ETYGRLLGEV,0/0,0
ETYYTDGSCNK,0/0,0
EVRRAIRGEQLLSCC,0/0,0
EVVPGFQAL,0/0,0
EYDRTHPPDGPRPLP,0/0,0
FAAPQFSLW,0/0,0
FAKIKNTHTNGVRLL,0/0,0
FDAWNNTV,0/0,0
FDLASWIKY,0/0,0
FDLASWIKYI,0/0,0
FDPRLLTA,0/0,0
FDPRLLTAL,0/0,0
FDPTLAYTY,0/0,0
FDPTLAYTYEA,0/0,0
FETSIKPCV,0/0,0
FETSIKPCVKL,0/0,0
FEWLNRTV,0/0,0
FEWLNRTVEEI,0/0,0
FGNWFDLASW,0/0,0
FHEAVQAVW,0/0,0
FHLPVEKDVW,0/0,0
FKNFRVYY,0/0,0
FKVGWAWW,0/0,0
FLIRQLIRLLTWLFS,0/0,0
FLKKGLGICY,0/0,0
FLLKLAGRW,0/0,0
FLYCKMNW,0/0,0
FLYCKMNWF,0/0,0
FMPKCSKV,0/0,0
FMPKCSKVV,0/0,0
FMPKCSKVVV,0/0,0
FMPKCSKVVVSSCTR,0/0,0
FPKTFGW,0/0,0
FPVRPQVPI,0/0,0
FPVRPQVPM,0/0,0
FPVRPQVPT,0/0,0
FQKDPPFQW,0/0,0
FQWMGYELW,0/0,0
FRDYVDRFY,0/0,0
FRELNRVTQDF,0/0,0
FRPWSMGKEA,0/0,0
FRQVCHTTVPW,0/0,0
FRYCAPPGY,0/0,0
FSIPLDEEF,0/0,0
FSSPPSYF,0/0,0
FSSPPSYFQ,0/0,0
FSTPEEKF,0/0,0
FTAGEVRRA,0/0,0
FTAGEVRRAI,0/0,0
FTLPSVNNAE,0/0,0
FVDRLLSQI,0/0,0
FVDRLLSQIK,0/0,0
FVDRLLSQIKSE,0/0,0
FYYWQLQSTLSITTA,0/0,0
GAKEDYSSFIDRLFA,0/0,0
GAKEPYPEFVDRLLSQIKSEGHPQEISKFLTD,0/0,0
GCPTESESRL,0/0,0
GDAYFSIPL,0/0,0
GDHQAAMQI,0/0,0
GDHQAAMQII,0/0,0
GDLRQRLL,0/0,0
GDLRQRLLRA,0/0,0
GDLTCNSTV,0/0,0
GDMTPAERL,0/0,0
GDMTPAERLI,0/0,0
GDPEVTFM,0/0,0
GDPEVTFMW,0/0,0
GDPEVTFMWT,0/0,0
GDRGFAAPQF,0/0,0
GDTLEGAGEL,0/0,0
GDTLEGAGELI,0/0,0
GDTPINIF,0/0,0
GDYKLVE,0/0,0
GDYKLVEI,0/0,0
GDYKLVEIT,0/0,0
GDYKLVEITP,0/0,0
GDYKLVEITPI,0/0,0
GDYSEVAL,0/0,0
GDYSEVALN,0/0,0
GDYSEVALNV,0/0,0
GEAFEWLNRTV,0/0,0
GEAMHGQV,0/0,0
GEEILSQL,0/0,0
GEEILSQLY,0/0,0
GEETIGEAF,0/0,0
GEETIGEAFEW,0/0,0
GEFLYCKM,0/0,0
GEFLYCKMNW,0/0,0
GEFLYCKMNWF,0/0,0
GEGAVILKV,0/0,0
GEGGGNSSW,0/0,0
GEGGGNSSWPW,0/0,0
GEGHGAGGW,0/0,0
GEGHGAGGWRPGPPP,0/0,0
GELDGMLHQQILLQ,0/1,0
GELIRILQRA,0/0,0
GELIRILQRAL,0/0,0
GELLWKGEGAV,0/0,0
GENPTWKQW,0/0,0
GEQLLSCCRF,0/0,0
GETYGRLL,0/0,0
GETYGRLLGEV,0/0,0
GEVLAWKF,0/0,0
GFAAPQFSLW,0/0,0
GFLGFLATAGSAMGA,0/0,0
GGDPEVTFMW,0/0,0
GGEGGGNSSW,0/0,0
GGGNSSWPW,0/0,0
GGNQEIDHL,0/0,0
GGYQRAQER,0/0,0
GIICHNCGKRGHMKKDCRGKK,0/1,0
GIIPDWQDY,0/0,0
GIKVMIGKPKAQ,0/0,0
GIPHPAGL,0/0,0
GIPHPAGLA,0/0,0
GIRFPKTFGW,0/0,0
GIRYPKTFGW,0/0,0
GKDGPKLKQW,0/0,0
GKEAIVIW,0/0,0
GKMTLTEEVQW,0/0,0
GKPLEATVI,0/0,0
GKPPTKGANF,0/0,0
GLAPTDVKRY,0/0,0
GLEGIYYSA,0/0,0
GLKRDKKKEY,0/0,0
GLPRIVARQI,0/0,0
GLPRIVARQIV,0/0,0
GLVIIVGRIAGYGLRGLAVI,0/0,0
GMSPSYVKY,0/0,0
GNIYRRWIQLGLQKC,0/0,0
GNRAQKELIQGKLNEEAERWRRNNPPPPA,2/2,1
GNRAQKELIQGKLNEEAERWVRQNPPGPN,2/2,1
GNSRRGPRVVPSAPPML,1/1,1
GNWFDLASW,0/0,0
GPNQTCMWNTSQIQD,0/0,0
GPPPPPPPGL,0/0,0
GPPPPPPPGLA,0/0,0
GPQREPWDEW,0/0,0
GPRKPIKCW,0/0,0
GQANSDLGTW,0/0,0
GQPGGGNPL,0/0,0
GQPVEVLLDT,0/0,0
GQYMNTPW,0/0,0
GRLLGEVEDGY,0/0,0
GSENLKSLY,0/0,0
GSGDKYYKQKCSRNDWNGES,0/0,0
GSHLEVQGY,0/0,0
GSHLEVQGYW,0/0,0
GSPAIFQY,0/0,0
GSPAIFQYT,0/0,0
GSPAIFQYTM,0/0,0
GSPAIFQYTMR,0/0,0
GSQKLNTGNCNW,0/0,0
GSQKLSTGNCNW,0/0,0
GSQKLTTGNCNW,0/0,0
GTDIKVVPRRKAKII,0/0,0
GTRAENRTY,0/0,0
GTRAENRTYIY,0/0,0
GTSRNKRGVF,0/0,0
GTTKQKMML,0/0,0
GTWQMDCTHL,0/0,0
GVIGQAHLELPRPNKRIRNQ,0/0,0
GVPAWRNA,0/0,0
GVPAWRNAT,0/0,0
GVPAWRNATI,0/0,0
GVPAWRNATIPLFCA,0/0,0
GVPYNPQSQGV,0/0,0
GVRLLAHVIQKIGKE,0/0,0
GWVLSPLIYQSTLDN,0/0,0
GYELHPDKW,0/0,0
GYELWPTKW,0/0,0
GYGLRGLAVIIRICIRGLNL,0/0,0
HDEQGMSPSY,0/0,0
HDEQGMSPSYV,0/0,0
HDKYHSNV,0/0,0
HDKYHSNVKEL,0/0,0
HDRVVLQSKEL,0/0,0
HEAVQAVW,0/0,0
HEREEELRKRL,0/0,0
HFKVGWAWW,0/0,0
HGARNNLAQSMITFNTPDSI,0/0,0
HGDTLEGAGELIRIL,0/0,0
HIRQIINTW,0/0,0
HKVGKNVY,0/0,0
HKYQVPSLQY,0/0,0
HKYQVPSLQYLALKV,0/0,0
HLEVQGYW,0/0,0
HLLHQTNPY,0/0,0
HLPLSPRT,0/0,0
HLPLSPRTL,0/0,0
HLPLSPRTLNA,0/0,0
HLPRELIFQV,0/0,0
HLPRELIFQVW,0/0,0
HLPVEKDVW,0/0,0
HLPVERDV,0/0,0
HLPVERDVW,0/0,0
HLTPEKGW,0/0,0
HNIHLAGVTGGSGDKYYKQK,0/0,0
HPLPNAPLV,0/0,0
HQQILLQKYQVIKV,1/1,1
HRILDMYL,0/0,0
HSLIKYLKY,0/0,0
HSNVKELVF,0/0,0
HSNVKELVFKF,0/0,0
HSTYFPCF,0/0,0
HSTYFPCFTA,0/0,0
HTDNGANF,0/0,0
HTTVPWPNASL,0/0,0
HVKDETNTTEYW,0/0,0
IAASATMSYVALTEVNKIME,0/0,0
IDEEDDDL,0/0,0
IDEEDDDLV,0/0,0
IDEEDDDLVGV,0/0,0
IDFRELNRV,0/0,0
IDGNQTNI,0/0,0
IDGNQTNITM,0/0,0
IDHLVSQGI,0/0,0
IDRIREQA,0/0,0
IDRIREQANSV,0/0,0
IDWIDGNQTNI,0/0,0
IEAEVIPA,0/0,0
IEAEVIPQET,0/0,0
IEDVWQLF,0/0,0
IEEKKFGAEV,0/0,0
IEEKKFGAEVV,0/0,0
IEEMIKKSEI,0/0,0
IEEMIKKSEIY,0/0,0
IEGEETYY,0/0,0
IEGQPVEV,0/0,0
IEGQPVEVL,0/0,0
IEGQPVEVLL,0/0,0
IEHTFGVPY,0/0,0
IEKYLKDQAQL,0/0,0
IELGPHYTPKI,0/0,0
IELPQRETW,0/0,0
IELPQRETWTV,0/0,0
IEMPENYAKTRIIN,2/2,1
IEPAQEEHDKY,0/0,0
IETVPVKL,0/0,0
IEVLGKRI,0/0,0
IEYIHFLI,0/0,0
IEYIHFLIRQL,0/0,0
IFEIIRKMLDYIGRALNPGT,0/0,0
IFPLQEGSHL,0/0,0
IGKEAIVIW,0/0,0
IGLVAIGGRLNGSGQSNAIEC,2/2,1
IGNWIPGLGASIIKYIVMFL,0/0,0
IGTTKQKMM,0/0,0
IHPIRLCVQPPFFLVQEKGI,0/0,0
IINEEAADW,0/0,0
IIPDWQDY,0/0,0
IIPDWQDYT,0/0,0
IIQPFIRQNPELDIY,0/0,0
IKKKDKNKW,0/0,0
IKKSEIYVAW,0/0,0
IKPCVKLSPL,0/0,0
IKSEGHPQEI,0/0,0
IKSQDNQW,0/0,0
IKSQDNQWSY,0/0,0
ILLHSTYF,0/0,0
ILLHSTYFPCF,0/0,0
ILLLSVYGIY,0/0,0
ILLRIVIY,0/0,0
ILQRALFMHF,0/0,0
ILQRLSATLQRIREV,0/0,0
ILSQEQEGCY,0/0,0
ILSQEQEGCYY,0/0,0
INDRPKQAW,0/0,0
INIFGRNLLTALGMS,0/0,0
IPPGNSGEETI,0/0,0
IPPSRSML,0/0,0
IPSQTCITRR,0/0,0
IPVGNIYRR,0/0,0
IQESCDKHYW,0/0,0
IQKLVGVLNW,0/0,0
IREVLRTELTY,0/0,0
IRFPKTF,0/0,0
IRFPKTFG,0/0,0
IRFPKTFGW,0/0,0
IRFPKTFGWL,0/0,0
IRFPKTFGWLW,0/0,0
IRFPKTFGWLWK,0/0,0
IRFRYCAPPGY,0/0,0
IRICIRGLNLIFEIIRKMLD,0/0,0
IRILQRALF,0/0,0
IRLLTWLF,0/0,0
IRLRPNGKKKY,0/0,0
IRQIINTW,0/0,0
IRQLIRLLTW,0/0,0
IRYPKTFGW,0/0,0
IRYPKTFGWLW,0/0,0
ISLNKYYNLTM,0/0,0
ISSEANTGLIRHKRDFGISA,0/0,0
ISTPPLVRL,0/0,0
ISTPPLVRLV,0/0,0
ISTPPLVRLVF,0/0,0
ITFIYKSSCTDSDHCQEYQC,0/0,0
ITMSAEVAELY,0/0,0
ITPIGLAP,0/0,0
ITPIGLAPT,0/0,0
ITPIGLAPTD,0/0,0
ITPIGLAPTDV,0/0,0
ITSCNNEPIISVIMYETNQV,0/0,0
ITTAAPTSA,0/0,0
ITTAAPTSAP,0/0,0
ITTAAPTSAPV,0/0,0
ITTEQEIQF,0/0,0
ITTEQEIQFQQSKNS,0/0,0
ITVLDIGDAY,0/0,0
ITVLDIGDAYF,0/0,0
ITVPWPNASL,0/0,0
ITWYSKNF,0/0,0
ITWYSKNFW,0/0,0
ITWYSRNFW,0/0,0
IVAAIVAATAIAASATMSYV,0/0,0
IVAVHVASGFIEAEV,0/0,0
IVIYIVQML,0/0,0
IVQQQQQLLDVVKRQ,0/0,0
IYIGSNLSKKEHKEK,0/0,0
IYKVLPQGW,0/0,0
IYPGIKTKHL,0/0,0
KALKKLEKV,0/0,0
KAQEGTLAIPCCGFPLWLFW,0/0,0
KCCYHCQF,0/0,0
KCCYHCQFCF,0/0,0
KCPDRQAGF,0/0,0
KCPDRQAGFL,0/0,0
KDAIKEVKQTI,0/0,0
KDGPKLKQW,0/0,0
KDGPKLKQWPL,0/0,0
KDGQLEEA,0/0,0
KDGQLEEAPPTNPYN,0/0,0
KDKNKWRM,0/0,0
KDKNKWRML,0/0,0
KDKNKWRMLI,0/0,0
KDKVKVLEQTT,0/0,0
KDLQKVCY,0/0,0
KDLQKVCYV,0/0,0
KDPIEGEET,0/0,0
KDPIEGEETY,0/0,0
KDPIEGEETYY,0/0,0
KDPPFQWM,0/0,0
KDPPFQWMGY,0/0,0
KDQAQLNA,0/0,0
KDQAQLNAW,0/0,0
KDSTKWRKL,0/0,0
KDVWEQWW,0/0,0
KDVWEQWWTDY,0/0,0
KDYGGGKEV,0/0,0
KEAIVIWGQV,0/0,0
KEALAPVPI,0/0,0
KEALAPVPIPF,0/0,0
KEARDQEMN,1/1,1
KEARDQEMNLKEESKEEKRRNDWWKIGMFL,2/2,1
KEEALKHF,0/0,0
KEEGIIPDW,0/0,0
KEGCQKIL,0/0,0
KEGCQKILSV,0/0,0
KEGCQKILSVL,0/0,0
KEGKAGYI,0/0,0
KEKGGLEGI,0/0,0
KEKGGLEGIY,0/0,0
KEKGGLEGIYY,0/0,0
KEKIVALREI,0/0,0
KELLNSIGF,0/0,0
KELVFKFGL,0/0,0
KEPFQSYV,0/0,0
KEPFQSYVDRF,0/0,0
KEPFQSYVDRFYKSL,0/0,0
KEPFRDYV,0/0,0
KEPPFLWM,0/0,0
KEQHKRNY,0/0,0
KEQHKRNYV,0/0,0
KERQQVEETFNLIGCIERTH,0/0,0
KETVEKAV,0/0,0
KETVEKAVA,0/0,0
KEVDSSSHM,0/0,0
KEVKQTIV,0/0,0
KEVTEDLL,0/0,0
KEVTEDLLHL,0/0,0
KEYKNVEI,0/0,0
KEYKNVEIEV,0/0,0
KEYKNVEIEVL,0/0,0
KEYNETWY,0/0,0
KFDPTLAYTY,0/0,0
KFGAEVVPGFQALSEGCTPYDINQMLNCVGD,0/0,0
KFPRAHRYQV,0/0,0
KFQKDPPFQW,0/0,0
KGCNETWARVKRCPIDILYG,0/0,0
KGCNETWARVKRCPIDILYGIHPIRLCVQ,2/2,1
KGGLEGIYY,0/0,0
KGPGELLW,0/0,0
KGTIMTGDTPINIFG,0/0,0
KIELPQRETW,0/0,0
KIGKEAIVIW,0/0,0
KILRALWKVTSGAGSSGSRY,0/0,0
KKCCYHCQF,0/0,0
KKCCYHCQFCF,0/0,0
KKEYNETW,0/0,0
KKEYNETWY,0/0,0
KKGIQQLQKWEDWVG,0/0,0
KKKDKNKW,0/0,0
KKKEYNETW,0/0,0
KKKEYNETWY,0/0,0
KKKYMLKHVVW,0/0,0
KKPRNFPMA,0/0,0
KKSEIYVAW,0/0,0
KKTGMLEMW,0/0,0
KKVNLNSSDSSNPVRVEDVM,0/0,0
KKYMLKHVVW,0/0,0
KLAIDMSHF,0/0,0
KLAYRKQNM,0/0,0
KLEKVTVQGSQKLTTGNCNW,0/0,0
KLIEEKKF,0/0,0
KLNSWDVF,0/0,0
KLNSWDVFGNW,0/0,0
KLRQGYRPVF,0/0,0
KLVGVLNW,0/0,0
KMGLQINNVVDG,0/0,0
KMQQGNGRRGIRVVPS,1/1,1
KMQQGNGRRGIRVVPSAPPME,1/1,1
KMTLTEEVQW,0/0,0
KNGSGGNNPHQGSLDLEIRS,0/0,0
KNMYELQKL,0/0,0
KPIISVIMYETNQ,1/2,1
KPPTKGADF,0/0,0
KPPTKGANF,0/0,0
KQKTNEPYEDFAARLLEAIDAE,2/2,1
KRCPIDILYGIHPIRLCVQP,0/0,0
KRDKKKEY,0/0,0
KRGVFVLGF,0/0,0
KRIRNQSFNQYNCSINNKTELETWK,2/2,1
KRRRTPKKAKANTSS,0/0,0
KRRWRRRW,0/0,0
KRWIAVPTW,0/0,0
KSEGHPQEISKF,0/0,0
KSEIYVAWV,0/0,0
KSGLSEEEV,0/0,0
KSQDNQWSY,0/0,0
KTFGWLWKL,0/0,0
KTFGWLWKLV,0/0,0
KTKDLQKVCY,0/0,0
KTKHLCRLI,0/0,0
KTVLPVTIM,0/0,0
KTVLPVTIMS,0/0,0
KVPLRAMT,0/0,0
KVPLRAMTY,0/0,0
KVPLRAMTYKL,0/0,0
KVPLRTMSY,0/0,0
KVPLRTMSYKL,0/0,0
KVRAYTYGVIEMPENYAKTRIINRKK,1/1,1
KVRAYTYGVVDMPQSYIQNQEKYKK,2/2,1
KVRAYTYGVVEMPTSYMESQKRKKK,0/1,0
KWNNETWQEW,0/0,0
KYHSNVKELVFKFGL,0/0,0
KYMLKHVVW,0/0,0
KYNQGQYMNTPW,0/0,0
KYQVIKVRAYTYGV,1/1,1
LAGAWGDLW,0/0,0
LAIQQLQNLAIESIP,0/0,0
LALADRIYSF,0/0,0
LALADRIYSFPDPPT,0/0,0
LAPTDVKRY,0/0,0
LAPTDVKRYT,0/0,0
LAPTDVKRYTT,0/0,0
LAPVPIPF,0/0,0
LAPVPIPFA,0/0,0
LAPVPIPFAA,0/0,0
LAPVPIPFAAA,0/0,0
LAWKFDPTL,0/0,0
LAWKFDPTLAY,0/0,0
LAYTYEAYVRY,0/0,0
LCLAGTTGGILWWYE,2/2,1
LDEEFRQY,0/0,0
LDEEFRQYTA,0/0,0
LDEEFRQYTAF,0/0,0
LDEELKQLTAEYDRT,0/0,0
LDIGDAYF,0/0,0
LDIGDAYFSI,0/0,0
LDIYLEKEEGI,0/0,0
LDKGLSSL,0/0,0
LDLAIQQL,0/0,0
LDLAIQQLQNL,0/0,0
LDRFGLAESL,0/0,0
LDRFGLAESLL,0/0,0
LDRFGLAESLLENKE,0/0,0
LDTGADDSI,0/0,0
LDTGADDSIV,0/0,0
LDTGADDTV,0/0,0
LDVGDAYF,0/0,0
LDVKQGPKEPF,0/0,0
LDVVKRQQEL,0/0,0
LDVVKRQQELL,0/0,0
LEACYNTCY,0/0,0
LEAFLMAL,0/0,0
LECNQTENFKTILVPENEMV,0/0,0
LEEAPPTNPY,0/0,0
LEELKEEAL,0/0,0
LEEMLTACQGV,0/0,0
LEENITAL,0/0,0
LEENITALL,0/0,0
LEGAGELI,0/0,0
LEGAGELIRI,0/0,0
LEGAGELIRIL,0/0,0
LEGKIIIV,0/0,0
LEGKIIIVAV,0/0,0
LEHDRVVL,0/0,0
LEKEEGII,0/0,0
LEKEEGIIPDW,0/0,0
LELAENREI,0/0,0
LELGDYKL,0/0,0
LELGDYKLV,0/0,0
LELGDYKLVEI,0/0,0
LELWERGTL,0/0,0
LEMWKNGPCY,0/0,0
LENKEGCQKI,0/0,0
LENKEGCQKIL,0/0,0
LEPFRKANPDV,0/0,0
LEQEQMISCKF,0/0,0
LEQTTNQQAEL,0/0,0
LERWHSLI,0/0,0
LERWHSLIKY,0/0,0
LERWHSLIKYL,0/0,0
LESSNERSSCI,0/0,0
LEVQGYWHL,0/0,0
LFLLKLAGRW,0/0,0
LGDYKLVEI,0/0,0
LGEEILSQLY,0/0,0
LGEGHGAGGW,0/0,0
LGPHYTPKI,0/0,0
LGPHYTPKIV,0/0,0
LGPWGKKPRNF,0/0,0
LGVLEDNKGVVRGDYTAC,2/2,1
LIRILQRALF,0/0,0
LIRILQRALFMHFRG,0/0,0
LIYLLLTSSPKILRALWKVT,0/0,0
LKDQAQLNAW,0/0,0
LKEEALKHF,0/0,0
LKKKFHHKHASREDTWDQAQ,0/0,0
LKPGKVGPKL,0/0,0
LKRDKKKEY,0/0,0
LLALADRIY,0/0,0
LLALADRIYSF,0/0,0
LLCNNNNSNNYN,2/2,1
LLGEVEDGY,0/0,0
LLHLNSLF,0/0,0
LLHSTYFPCF,0/0,0
LLIAILLLSVY,0/0,0
LLKLAGRW,0/0,0
LLLSVYGIY,0/0,0
LLRARGETY,0/0,0
LLRCNDTNY,0/0,0
LLSVYGIY,0/0,0
LLTALGMSLNF,0/0,0
LLTALGNHIY,0/0,0
LMHPAQTSQW,0/0,0
LMQPAQTSKW,0/0,0
LNEEAERWVRQNPPGPN,1/1,1
LNGSGQSNAIECWGSFPGCR,0/0,0
LNSWDVFGNW,0/0,0
LNVTESFDAW,0/0,0
LPPREGDL,0/0,0
LPPREGDLT,0/0,0
LPQGFVLSPYIYQKTLQEILQP,0/0,0
LQPILQRLSA,0/0,0
LQTHADVQLLKERQQVEETF,0/0,0
LRARGETY,0/0,0
LRCNDTNY,0/0,0
LRCNDTNYSGF,0/0,0
LRPGGKKKY,0/0,0
LRPGGKKKYM,0/0,0
LRPNGKKKY,0/0,0
LRQGYRPVF,0/0,0
LRTELTYLQY,0/0,0
LSAIPPSRSM,0/0,0
LSAIPPSRSML,0/0,0
LSCCRFPRA,0/0,0
LSCEGQKY,0/0,0
LSEEEVRRRL,0/0,0
LSEGCTPY,0/0,0
LSPLCITM,0/0,0
LSPLCITMR,0/0,0
LSPLCITMRC,0/0,0
LSPLCITMRCN,0/0,0
LSPRTLNAW,0/0,0
LSPRTLNAWVK,0/0,0
LSQEQEGCY,0/0,0
LSQEQEGCYY,0/0,0
LSQLYRPLE,0/0,0
LSQLYRPLEA,0/0,0
LSRAYQILQ,0/0,0
LSRAYQILQPI,0/0,0
LSRVYQILQPILQRL,0/0,0
LSSLSCEGQKY,0/0,0
LSTYAVRI,0/0,0
LSTYAVRITW,0/0,0
LSTYAVRITWY,0/0,0
LSVLAPLVP,0/0,0
LSVYGIYCTLY,0/0,0
LTALGMSL,0/0,0
LTALGMSLN,0/0,0
LTALGMSLNF,0/0,0
LTALGMSLNL,0/0,0
LTALGNHI,0/0,0
LTALGNHIY,0/0,0
LTARGLLNM,0/0,0
LTARGLLNMA,0/0,0
LTCNSTVTSL,0/0,0
LTEEVQWTEM,0/0,0
LTPDWNNDT,0/0,0
LTPDWNNDTW,0/0,0
LTPDWNNDTWQ,0/0,0
LTPEKGWL,0/0,0
LTPEKGWLST,0/0,0
LTPEKGWLSTY,0/0,0
LTPERGWL,0/0,0
LTPERGWLS,0/0,0
LTPERGWLST,0/0,0
LTPERGWLSTY,0/0,0
LTPKWNNET,0/0,0
LTPKWNNETW,0/0,0
LTPTAPPE,0/0,0
LTPTAPPED,0/0,0
LTPTAPPEDP,0/0,0
LTPTAPPEDPA,0/0,0
LTVWGTKNL,0/0,0
LTVWGTKNLQTRVTA,0/0,0
LTYLQYGWSY,0/0,0
LTYLQYGWSYF,0/0,0
LVEITPIGL,0/0,0
LVEITPIGLA,0/0,0
LVEITPIGLAP,0/0,0
LVPTGSEN,0/0,0
LVPTGSENL,0/0,0
LVPVNVSDEA,0/0,0
LVRLVFNLV,0/0,0
LWKGPGELLW,0/0,0
LYNTVCVIW,0/0,0
LYRPLEACY,0/0,0
MACPNNQGILRNWYN,0/0,0
MDCTHLEGKI,0/0,0
MDCTHLEGKII,0/0,0
MDDIDEEDDDL,0/0,0
MDDILIASDRT,0/0,0
MDGPKVKQW,0/0,0
MEDTGEAREV,0/0,0
MEEEKRWI,0/0,0
MEEEKRWIA,0/0,0
MEEEKRWIAV,0/0,0
MEEEKRWIAVPTWRI,0/0,0
MEPAFDQFRQTYRQWIIEAM,0/0,0
METQTSTW,0/0,0
METQTSTWF,0/0,0
METQTSTWFGF,0/0,0
MGDPLTWSKALKKLEKVTVQGSQKLTTGNCNWALS,0/0,0
MGYELWPTKW,0/0,0
MHFRGGCIHSRIGQP,0/0,0
MHPAQTSQW,0/0,0
MITFNTPDSIAQFGKDLWSH,0/0,0
MLAKLRQGY,0/0,0
MLEMWKNGPCY,0/0,0
MMETQTSTW,0/0,0
MQPAQTSKW,0/0,0
MRCNKSETDRW,0/0,0
MRHLRPEDTL,0/0,0
MRHVLEPF,0/0,0
MSAEVAELY,0/0,0
MSAEVAELYRL,0/0,0
MSNHEREEEL,0/0,0
MSPSYVKY,0/0,0
MSPSYVKYRY,0/0,0
MSPSYVKYRYL,0/0,0
MSWGHLNESTQWDDWVSKME,0/0,0
MSYKLAIDM,0/0,0
MTGDTPINIF,0/0,0
MTLTEEVQW,0/0,0
MTPAERLI,0/0,0
MTPAERLIN,0/0,0
MTPAERLINM,0/0,0
MTPAERLINMI,0/0,0
MVNINDTDTWIPKGCNE,2/2,1
MVSIAFYGGIPGGISTPITQ,0/0,0
MYELQKLNSW,0/0,0
NDIQKLVGV,0/0,0
NDIQKLVGVL,0/0,0
NDRPKQAW,0/0,0
NDRPKQAWCW,0/0,0
NDRPKQAWCWF,0/0,0
NDTNYSGF,0/0,0
NDTNYSGFM,0/0,0
NEEAADWDL,0/0,0
NEECRNAMRHLR,0/0,0
NEGPQREPW,0/0,0
NELDRFGL,0/0,0
NEQVDKLV,0/0,0
NERSSCISEA,0/0,0
NETWQEWERKV,0/0,0
NETWYSADL,0/0,0
NETWYSADLV,0/0,0
NFPGLAKV,0/0,0
NFPGLAKVL,0/0,0
NFPGLAKVLGI,0/0,0
NGPCYGQM,0/0,0
NIIVDSQYVMGIITG,0/0,0
NINDTDTWIP,1/1,1
NINDTDTWIPKGCNETWARV,0/0,0
NIYRRWIQLGLQKCV,0/0,0
NKGVVRGNYTACNVSRLKIN,0/0,0
NKPISNRT,0/0,0
NKQSKEGKAGY,0/0,0
NKRGVFVLGF,0/0,0
NKSETDRW,0/0,0
NKTELETWKLVKTSGITPLP,0/0,0
NKWRMLIDF,0/0,0
NLGEEILSQLY,0/0,0
NLIGCIERTHVFCHTGHPWN,0/0,0
NLPIAKVEPV,0/0,0
NNYNCVVQSFGVIGQAHLEL,0/0,0
NPAEEREKL,0/0,0
NQGQYMNTPW,0/0,0
NQQAELEAFLMALTD,0/0,0
NQRRQRKRRW,0/0,0
NRSMHMDNNTATLLEAYHRE,0/0,0
NRTIISLNKY,0/0,0
NRTIISLNKYY,0/0,0
NSDLGTWQM,0/0,0
NSGEETIGEA,0/0,0
NSGEETIGEAF,0/0,0
NSKFKNFRVY,0/0,0
NSKFKNFRVYY,0/0,0
NSSWPWQIEY,0/0,0
NSVETIVLM,0/0,0
NSWDVFGNW,0/0,0
NSWDVFGNWF,0/0,0
NTAEYWGFK,1/2,1
NTCYCKKCCY,0/0,0
NTGNESRCY,0/0,0
NTGNESRCYM,0/0,0
NTPEALCD,0/0,0
NTPEALCDP,0/0,0
NTPEALCDPT,0/0,0
NTPEALCDPTK,0/0,0
NTPTFAIKK,0/0,0
NTPTFAIKKKD,0/0,0
NTPVFAIKK,0/0,0
NTPWRNPA,0/0,0
NTSSASNKPI,0/0,0
NTTEYWGFKWLECNQTENFK,0/0,0
NTWHKVGKNVY,0/0,0
NVRRLNINRKDYTGIYQVP,2/2,1
NVTESFDAW,0/0,0
PAEEREKLAY,0/0,0
PAPQQGQL,0/0,0
PAQTSQWDDPW,0/0,0
PDCKLVLKGL,0/0,0
PDKWTVQPI,0/0,0
PDNGDYSEV,0/0,0
PDNGDYSEVA,0/0,0
PDNGDYSEVAL,0/0,0
PDPPTDTPL,0/0,0
PDPPTDTPLDL,0/0,0
PDPPTNTPEA,0/0,0
PDPPTNTPEAL,0/0,0
PDRQAGFL,0/0,0
PDRQAGFLGL,0/0,0
PDVTLVQY,0/0,0
PDVTLVQYM,0/0,0
PEDPAVDL,0/0,0
PEDPAVDLL,0/0,0
PEEFGSKSGL,0/0,0
PEEKFQKDPPF,0/0,0
PEFVDRLLSQ,0/0,0
PEKAKKETV,0/0,0
PEKGWLSTY,0/0,0
PEKGWLSTYA,0/0,0
PEKGWLSTYAV,0/0,0
PENEGPQREPW,0/0,0
PERLERWHSL,0/0,0
PERLERWHSLI,0/0,0
PESANLGEEI,0/0,0
PESANLGEEIL,0/0,0
PEWDFISTPPL,0/0,0
PFFLVQEKGIANTSRIGNCG,0/0,0
PFQNYFSYETNRSMHMDNNT,0/0,0
PFQWMGYELW,0/0,0
PGGISTPITQQSEKSKCEEN,0/0,0
PGIRFPKTFGW,0/0,0
PGIRYPKTF,0/0,0
PGIRYPKTFGW,0/0,0
PGNSGEETI,0/0,0
PHFKVGWAW,0/0,0
PHFKVGWAWW,0/0,0
PIFYTCNFTNITSCNNEPII,0/0,0
PINDRPKQAW,0/0,0
PKANIIVDSQY,0/0,0
PKEQHKRNY,0/0,0
PKIVGGIGGF,0/0,0
PKKTGMLEMW,0/0,0
PKQAWCWF,0/0,0
PKWNNETW,0/0,0
PKWNNETWQEW,0/0,0
PLDEEFRQY,0/0,0
PLEACYNTCY,0/0,0
PLIYQSTLDNIIQPF,0/0,0
PNASLTPKW,0/0,0
PPFFLVQEKGI,1/1,1
PPPPPGLA,0/0,0
PPPPPPGLA,0/0,0
PPPPPPPGLA,0/0,0
PPSGKGGNY,0/0,0
PQPAPQQGQL,0/0,0
PQREPWDEW,0/0,0
PRELIFQVWQRSWEY,0/0,0
PRKPIKCW,0/0,0
PRPNKRIRNQSFNQYNCSIN,0/0,0
PRQTGGFF,0/0,0
PRQTGGFFRPW,0/0,0
PRRKAKIIKDY,0/0,0
PRVLRPGDSKRR,0/0,0
PSGDLRQRL,0/0,0
PSGDLRQRLL,0/0,0
PSLQYLALKV,0/0,0
PSSGRGGNY,0/0,0
PSYFQQTHI,0/0,0
PSYFQTHTQQD,0/0,0
PSYVKYRY,0/0,0
PSYVKYRYL,0/0,0
PSYVKYRYLCL,0/0,0
PTDTPLDLA,0/0,0
PTDTPLDLAI,0/0,0
PTGSENLKSLY,0/0,0
PTIFLGVLEDNKGVVRGNYT,0/0,0
PTKGANFPGL,0/0,0
PTLAYTYEA,0/0,0
PTLAYTYEAY,0/0,0
PTNPYNTPTF,0/0,0
PTNTPEAL,0/0,0
PTPESANL,0/0,0
PTWRIPERL,0/0,0
PVEKDVWEQW,0/0,0
PVPIPFAA,0/0,0
PVPIPFAAA,0/0,0
PVTIMSGLVFHSQPI,0/0,0
PYCYNNDSKNSMAESKEAR,2/2,1
PYDINQM,0/0,0
PYDINQML,0/0,0
PYPTGPGT,0/0,0
QAELEAFLM,0/0,0
QAEVLQERLEW,0/0,0
QAGFLGLGPW,0/0,0
QANSDLGTW,0/0,0
QAWCWFGGKW,0/0,0
QDFTEVQL,0/0,0
QDFTEVQLGI,0/0,0
QDFWEVQL,0/0,0
QDNQWSYKI,0/0,0
QDYTSGPGI,0/0,0
QDYTSGPGIRY,0/0,0
QEDEEHYL,0/0,0
QEDEEHYLM,0/0,0
QEDKILKV,0/0,0
QEDKILKVGKF,0/0,0
QEEHDKYHSNV,0/0,0
QEGKPLEATV,0/0,0
QEGKPLEATVI,0/0,0
QEGSHLEV,0/0,0
QEGSHLEVQGY,0/0,0
QEIDHLVSQGI,0/0,0
QEKNMYEL,0/0,0
QEKNMYELQKL,0/0,0
QELDCWHYHQYCITS,5/5,1
QELDCWHYQHYCVTSTKS,7/7,1
QELLRLTV,0/0,0
QELLRLTVW,0/0,0
QEQEGCYY,0/0,0
QEQMISCKF,0/0,0
QEQMISCKFNM,0/0,0
QESCDKHY,0/0,0
QESCDKHYW,0/0,0
QETGRQTAL,0/0,0
QETGRQTALF,0/0,0
QETGRQTALFL,0/0,0
QEVKMVAW,0/0,0
QEVKMVAWW,0/0,0
QEWERKVDF,0/0,0
QEWERKVDFL,0/0,0
QFSLWRRPVVTAHIE,0/0,0
QGENPTWKQW,0/0,0
QGMSPSYVKY,0/0,0
QGPIPMTARFIRGLGVPRERQMEPA,0/0,0
QGQYMNT,0/0,0
QGQYMNTP,0/0,0
QGQYMNTPW,0/0,0
QGQYMNTPWR,0/0,0
QGSLDLEIRSEGGNIYDCCI,0/0,0
QIDQEQNTAEVKLYL,0/0,0
QIQWMYRQQNPIPVGNIYRRWIQLGLQKCVRMYNPTN,0/0,0
QKDPPFQW,0/0,0
QKDPPFQWMGY,0/0,0
QKIELPQRETW,0/0,0
QKIGKEAIVIW,0/0,0
QKLNSWDVF,0/0,0
QKLVGVLNW,0/0,0
QKPKEQHKRNY,0/0,0
QKVCYVPHF,0/0,0
QKYNQGQY,0/0,0
QLEEAPPTNPY,0/0,0
QLGLQKCVRMY,0/0,0
QLIRLLTW,0/0,0
QLIRLLTWLF,0/0,0
QLLALADRIY,0/0,0
QLLSCCRF,0/0,0
QLNAWGCAF,0/0,0
QLWKGPGELLW,0/0,0
QLYRPLEACY,0/0,0
QMPRQTGGF,0/0,0
QMPRQTGGFF,0/0,0
QNANEECRNAMRHLRPEDTLEEKMYACRDIGTTKQKMMLL,0/0,0
QNPIPVGNI,0/0,0
QQELLRLTVW,0/0,0
QRALFMHF,0/0,0
QRAYYKNCKWEKTDV,0/0,0
QREPWDEW,0/0,0
QRESREKPY,0/0,0
QRGPRKPIKCW,0/0,0
QRKRRWRRRW,0/0,0
QRLLRARGETY,0/0,0
QRNRWEWRPD,1/1,1
QRRQRKRRW,0/0,0
QSEKSKCEENTMFQPYCYNN,0/0,0
QSKEGKAGY,0/0,0
QSKELLNSIGF,0/0,0
QSKNSKFKNF,0/0,0
QSPGGLDKGL,0/0,0
QSPKKTGM,0/0,0
QSPKKTGML,0/0,0
QSPKKTGMLE,0/0,0
QSPKKTGMLEM,0/0,0
QSQGVVEAM,0/0,0
QSQQQGNSRRGPRVVP,1/1,1
QSRTLLAGI,0/0,0
QSYVDRFY,0/0,0
QTALFLLKL,0/0,0
QTDAAVKNW,0/0,0
QTDAAVKNWM,0/0,0
QTGGFFRPW,0/0,0
QTGGFFRPWSM,0/0,0
QTIVKHPRY,0/0,0
QTRVTAIEKY,0/0,0
QTSKWDDPW,0/0,0
QTSQWDDPW,0/0,0
QTSTWFGF,0/0,0
QTTNQQAEL,0/0,0
QVCHTTVPW,0/0,0
QVPKFHLPV,0/0,0
QVPSLQYL,0/0,0
QVPSLQYLA,0/0,0
QVPSLQYLAL,0/0,0
QVWQRSWEY,0/0,0
QVWQRSWEYW,0/0,0
QWDDWVSKMEDLNQEILTIL,0/0,0
QWPLSKEKI,0/0,0
QWPLSKEKIV,0/0,0
QYHQVLATHQEAIEK,0/0,0
QYLLCNNNNSNNYNCVVQSF,0/0,0
QYMNTPW,0/0,0
QYNVLPQGW,0/0,0
RAENRTYIYW,0/0,0
RAISSWKQRN,0/1,0
RAISSWKQRNRWEWRPD,3/6,1
RAKYEKKTANK,0/0,0
RALLSRVY,0/0,0
RAPRRQGCW,0/0,0
RAYTYGVIEMPENY,2/2,1
RCNKSETDRW,0/0,0
RDIINEEA,0/0,0
RDIINEEAA,0/0,0
RDIINEEAADW,0/0,0
RDKKKEYNETW,0/0,0
RDNRRGLRM,0/0,0
RDNRRGLRMA,0/0,0
RDNRTIISL,0/0,0
RDQLWKGPGEL,0/0,0
RDTWGTTQCL,0/0,0
RDYGKQMA,0/0,0
REALQGGDRGF,0/0,0
REAVNHLPREL,0/0,0
REEELRKRL,0/0,0
REEELRKRLRL,0/0,0
REGDLTCNSTV,0/0,0
REGRDQLW,0/0,0
REITFIYKSSCTDSDH,0/2,0
REKLAYRKQNM,0/0,0
REKPYKEV,0/0,0
RELIFQVW,0/0,0
RELNRVTQDF,0/0,0
REPRGSDI,0/0,0
REPRGSDIA,0/0,0
REPSGSDI,0/0,0
REPSGSDIA,0/0,0
REPWDEWV,0/0,0
REPWDEWVV,0/0,0
REPWDEWVVEV,0/0,0
REQANSVETI,0/0,0
REQANSVETIV,0/0,0
RESREKPY,0/0,0
RESREKPYKEV,0/0,0
RETWTVNDI,0/0,0
REVLRTEL,0/0,0
REVLRTELTY,0/0,0
REVLRTELTYL,0/0,0
RFPKTFGW,0/0,0
RFPRAHKY,0/0,0
RFPRAHKYQV,0/0,0
RGPRKPIKCW,0/0,0
RGPSCGSA,0/0,0
RGPSCGSAKEL,0/0,0
RGVFVLGFL,0/0,0
RHKRDFGISAIVAAIVAATA,0/0,0
RHRILDMYL,0/0,0
RILDMYL,0/0,0
RILQRALFM,0/0,0
RIPERLERW,0/0,0
RIPPGNSGEET,0/0,0
RIREQANSVETIVLM,0/0,0
RIREVLRTELTYLQY,0/0,0
RITWYSKNF,0/0,0
RITWYSKNFW,0/0,0
RKAKIIKDY,0/0,0
RKDYTGIYQVPIFYTCNFTN,0/0,0
RKRLRLIHLLHQTNP,0/0,0
RKRRWRRRW,0/0,0
RLCVQPPFFLVQEKGIADTSR,2/2,1
RLLGEVEDGY,0/0,0
RLLRARGETY,0/0,0
RLLSQIKSEG,0/0,0
RLLTALGNHIY,0/0,0
RLRPNGKKKY,0/0,0
RLSQIKSEG,0/0,0
RLTARGLLNM,0/0,0
RMMETQTSTW,0/0,0
RNPAEEKEKL,0/0,0
RNPAEEREKL,0/0,0
RNWYNPVAGLRQSLE,0/0,0
RPEDTLEEKMYA,0/0,0
RPLEACYNTCY,0/0,0
RQGLELTLL,0/0,0
RQIKILYAMILQTHADVQLL,0/0,0
RQLIRLLTW,0/0,0
RQTGGFFRPW,0/0,0
RQTYRQWIIEAMSEGIKVMI,0/0,0
RQVCHTTVPW,0/0,0
RQVLFLEKI,0/0,0
RRHRILDMYL,0/0,0
RRKAKIIKDY,0/0,0
RRKRELSHTRKKR,2/2,1
RRPGNKTVL,0/0,0
RRPVVTAHI,0/0,0
RRQRKRRW,0/0,0
RRWRRRWQQLLALAD,0/0,0
RSQGENPTW,0/0,0
RSSCISEADA,0/0,0
RTDLEHDRV,0/0,0
RTELTYLQY,0/0,0
RTIISLNKY,0/0,0
RTIISLNKYY,0/0,0
RTLLLRVY,0/0,0
RTLLSRVK,0/0,0
RTLLSRVY,0/0,0
RTLNAWVKL,0/0,0
RTLNAWVKLI,0/0,0
RTMSYKLAI,0/0,0
RTMSYKLAIDM,0/0,0
RTPKKAKAN,0/0,0
RTPKKAKANT,0/0,0
RTRHCQPEKA,0/0,0
RTVEEINREA,0/0,0
RTVEEINREAV,0/0,0
RTWWAISAVK,0/0,0
RTWWAISAVKMGLQINNVVDGKASFQLLRAKYEKKTANKKQSE,0/0,0
RTYIYWHGRDN,0/0,0
RVEDVMNTTEYW,0/0,0
RVEDVTNTAEYW,0/1,0
RVEDVTNTAEYWGF,0/0,0
RVRAYTYGVIDLPQSYEKINLKRRK,0/2,0
RVRAYTYGVIEMPKNYEKVSLNRKK,0/3,0
RWPITHLHT,0/0,0
RYIYKVLPQGWKGSP,0/0,0
RYPKTFGWL,0/0,0
RYPKTFGWLW,0/0,0
SAIPPSRSM,0/0,0
SAMGAASLTLTAQSR,0/0,0
SAPVSEKI,0/0,0
SAPVSEKIDM,0/0,0
SAPVSEKIDMV,0/0,0
SAPVSEKL,0/0,0
SARRHRILDIY,0/0,0
SARRHRILDMYL,0/0,0
SATETLAGAW,0/0,0
SDEAQEDEEHY,0/0,0
SDIAGTTSSV,0/0,0
SDLGTWQM,0/0,0
SDRTDLEHDRV,0/0,0
SEEEVRRRL,0/0,0
SEGCTPYDI,0/0,0
SEIYVAWV,0/0,0
SEKSKCEENTMFQPY,2/2,1
SENLKSLY,0/0,0
SENLKSLYNTV,0/0,0
SESRLVNQI,0/0,0
SESRLVNQII,0/0,0
SETDRWGL,0/0,0
SEVALNVTESF,0/0,0
SFNQYNCSINNKTELETWKL,0/0,0
SFPDPPTDT,0/0,0
SFPDPPTDTPL,0/0,0
SGAGSSGSRYLKKKFHHKHA,0/0,0
SGEETIGEAF,0/0,0
SGFIEAEVI,0/0,0
SGPGIRYPKT,0/0,0
SGPGIRYPKTF,0/0,0
SGPKANII,0/0,0
SGPKANIIV,0/0,0
SGPKTNII,0/0,0
SGPKTNIIV,0/0,0
SHLEVQGYW,0/0,0
SIIKYIVMFLLIYLLLTSSP,0/0,0
SIPDPPTNT,0/0,0
SIPLDEEF,0/0,0
SIPLDEEFRQY,0/0,0
SKEGKAGY,0/0,0
SKELLNSIGF,0/0,0
SKFKNFRVY,0/0,0
SKFKNFRVYY,0/0,0
SKNSKFKNF,0/0,0
SKPPTKGADF,0/0,0
SKWDDPWGEVL,0/0,0
SLESSNERSSCISEA,0/0,0
SLIANIDW,0/0,0
SLIANIDWI,0/0,0
SLSCEGQKY,0/0,0
SLTPKWNNETW,0/0,0
SLYNTVCVI,0/0,0
SLYNTVCVIW,0/0,0
SNPVRVEDVMNTTEYWGFKW,0/0,0
SNSVRVEDVT,1/2,1
SPPSYFQQTHI,0/0,0
SPPSYFQT,0/0,0
SPPSYFQTHT,0/0,0
SQEVKMVAW,0/0,0
SQEVKMVAWW,0/0,0
SQLYRPLEACY,0/0,0
SQPGAAINEHKNGSGGNNPH,0/0,0
SREDTWDQAQHNIHLAGVTG,0/0,0
SRNKRGVF,0/0,0
SRNKRGVFVLGFLGF,0/0,0
SRPSGDLRQRL,0/0,0
SSASNKPI,0/0,0
SSASNNRLI,0/0,0
SSCISEADA,0/0,0
SSDSSNSVRVEDVTNTAEYWGFKWLECNQT,2/2,1
SSGRGGNY,0/0,0
SSLSCEGQKY,0/0,0
SSMTKILEPF,0/0,0
SSNERSSCI,0/0,0
SSPPSYFQ,0/0,0
SSPPSYFQT,0/0,0
SSPPSYFQTH,0/0,0
SSPPSYFQTHT,0/0,0
SSVDEQIQW,0/0,0
SSVDEQIQWM,0/0,0
SSVDEQIQWMY,0/0,0
SSWPWQIEY,0/0,0
STKWRKLVDF,0/0,0
STLDNIIQPFIRQNP,0/0,0
STLNGMDLIERQIKILYAMI,0/0,0
STPEEKFQK,0/0,0
STPELANL,0/0,0
STPESANL,0/0,0
STPPLVRL,0/0,0
STPPLVRLV,0/0,0
STPPLVRLVF,0/0,0
STTASAKV,0/0,0
STTASAKVDM,0/0,0
STTITTAAP,0/0,0
STTSTTASAKV,0/0,0
STVTSLIAN,0/0,0
STYAVRITW,0/0,0
STYAVRITWY,0/0,0
STYFPCFTA,0/0,0
STYFPCFTAGE,0/0,0
SVIMYETNQVQYLLCNNNNS,0/0,0
SVRPKVPLRA,0/0,0
SWKQRNRWEW,1/1,1
SWPWQIEYI,0/0,0
SWPWQIEYIHF,0/0,0
SYETNRSMHMDNNTATLLEAYHREITF,2/2,1
SYPTGPGTA,0/0,0
SYVDRFYKSL,0/0,0
TAHIEGQPVEVLLDT,0/0,0
TALLEEAQI,0/0,0
TAPGGGDPEV,0/0,0
TAPGGGDPEVT,0/0,0
TAPPEDPA,0/0,0
TAPPEDPAV,0/0,0
TAPPEDPAVDL,0/0,0
TAPSSGRGGNY,0/0,0
TDAAVKNW,0/0,0
TDAAVKNWM,0/0,0
TDIKVVPRRKA,0/0,0
TDKINLTA,0/0,0
TDLEHDRV,0/0,0
TDLEHDRVV,0/0,0
TDLEHDRVVL,0/0,0
TDNGANFA,0/0,0
TDRGKDKV,0/0,0
TDRGKDKVKV,0/0,0
TDRGKDKVKVL,0/0,0
TDRWGLTKSI,0/0,0
TDSDHCQEYQCKKVNLNSSDS,1/2,1
TDSGPKANI,0/0,0
TDSGPKANII,0/0,0
TDSGPKANIIV,0/0,0
TDTPLDLA,0/0,0
TDTPLDLAI,0/0,0
TDVTPNYA,0/0,0
TDVTPNYADI,0/0,0
TDVTPNYADIL,0/0,0
TDYWQVTW,0/0,0
TDYWQVTWI,0/0,0
TEDLLHLNSL,0/0,0
TEDLLHLNSLF,0/0,0
TEEAKQIV,0/0,0
TEEVQWTEM,0/0,0
TELTYLQY,0/0,0
TELTYLQYGW,0/0,0
TEMAEAEY,0/0,0
TEQAIEDV,0/0,0
TEQAIEDVW,0/0,0
TEQAIEDVWQL,0/0,0
TESESRLV,0/0,0
TESESRLVNQI,0/0,0
TESFDAWNNT,0/0,0
TESFDAWNNTV,0/0,0
TETLAGAW,0/0,0
TETLAGAWGDL,0/0,0
TGIYQVPIFYTCTFTNITSCNSKPII,1/2,1
TILVPENEMVNINDTDTWIP,0/0,0
TIPLFCAT,0/0,0
TIVLMAVHCMNFKRR,0/0,0
TKDLQKVCY,0/0,0
TLAGAWGDLW,0/0,0
TLAYTYEAY,0/0,0
TLFNKVTKKLEKEKA,0/0,0
TLLSRVYQI,0/0,0
TLPSVNNA,0/0,0
TLRRGGRW,0/0,0
TLTIQNANEECR,0/0,0
TLYVTVFY,0/0,0
TMFQPYCYNNDSKNSMAESK,0/0,0
TMPKTSRPT,0/0,0
TMPKTSRPTA,0/0,0
TMSAEVAELYRLELG,0/0,0
TMSYKLAIDM,0/0,0
TNPYNTPTF,0/0,0
TNPYNTPTFA,0/0,0
TNPYNTPTFAI,0/0,0
TNPYPTGPGT,0/0,0
TPKWNNETW,0/0,0
TPPLVRLV,0/0,0
TPPLVRLVF,0/0,0
TPPLVRLVFNL,0/0,0
TPYDINQM,0/0,0
TPYDINQML,0/0,0
TRAENRTY,0/0,0
TRAENRTYIY,0/0,0
TRAENRTYIYW,0/0,0
TRMMETQTSTW,0/0,0
TRVTAIEKY,0/0,0
TSGPGIRY,0/0,0
TSIKPCVKL,0/0,0
TSITMSAEV,0/0,0
TSLIANIDW,0/0,0
TSRNKRGVF,0/0,0
TSRPTAPSSGR,0/0,0
TSRPTAPSSGRGGNY,0/0,0
TSSASNKPI,0/0,0
TSSVDEQIQW,0/0,0
TSSVDEQIQWM,0/0,0
TSTTASAKV,0/0,0
TSTTASAKVDM,0/0,0
TSTWFGFNG,0/0,0
TTASAKVDM,0/0,0
TTASAKVDMV,0/0,0
TTEQEIQF,0/0,0
TTNQQAELEAF,0/0,0
TTPESANL,0/0,0
TTPESANLG,0/0,0
TTPESANLGE,0/0,0
TTPESANLGEE,0/0,0
TTQCLPDNGDY,0/0,0
TVFYGVPAW,0/0,0
TVIKSQDNQW,0/0,0
TVPWPNASL,0/0,0
TVPWPNASLT,0/0,0
TVTSLIANI,0/0,0
TWGTTQCLPDNGDYS,0/0,0
TWIPEWDFI,0/0,0
VDCSPGIW,0/0,0
VDEQIQWM,0/0,0
VDEQIQWMY,0/0,0
VDFLEENI,0/0,0
VDFLEENIT,0/0,0
VDFLEENITA,0/0,0
VDFLEENITAL,0/0,0
VDLLKNYM,0/0,0
VDLLKNYMQL,0/0,0
VDMVNETSSCI,0/0,0
VDRFYKSL,0/0,0
VDRFYKSLRA,0/0,0
VDSQYVMGI,0/0,0
VDSQYVMGII,0/0,0
VEAMNHHL,0/0,0
VEDVTNTAEYW,0/0,0
VEEINREAV,0/0,0
VEIEVLGKRI,0/0,0
VEITPIGL,0/0,0
VEITPIGLA,0/0,0
VEITPIGLAP,0/0,0
VEITPIGLAPT,0/0,0
VEKAVATAPGL,0/0,0
VEKDVWEQW,0/0,0
VEKDVWEQWW,0/0,0
VEPVKVAL,0/0,0
VETGTTETM,0/0,0
VETIVLMAV,0/0,0
VFCHTGHPWNMSWGHLNEST,0/0,0
VGPKLKQW,0/0,0
VGPKLKQWPL,0/0,0
VIKSQDNQW,0/0,0
VILLRIVIYIVQMLA,0/0,0
VIPQETGRQT,0/0,0
VIPQETGRQTA,0/0,0
VKDPIEGEETY,0/0,0
VKELVFKF,0/0,0
VKLIEEKKF,0/0,0
VKSIEAFGESYISEKTKGEI,0/0,0
VKTSGITPLPISSEANTGLI,0/0,0
VLDIGDAY,0/0,0
VLDIGDAYF,0/0,0
VLMAVHCMNF,0/0,0
VLNWAAQIY,0/0,0
VLPQGWKGSPA,0/0,0
VLPVTIMSGL,0/0,0
VLPVTIMSGLV,0/0,0
VLRTELTY,0/0,0
VLRTELTYL,0/0,0
VLRTELTYLQY,0/0,0
VNHLPRELI,0/0,0
VNPTLEEM,0/0,0
VNPTLEEML,0/0,0
VNPTLEEMLT,0/0,0
VPHFKVGWAW,0/0,0
VQNHTFEVENSTLNGMDLIE,0/0,0
VQYMDDILI,0/0,0
VRITWYSKNF,0/0,0
VRITWYSKNFW,0/0,0
VRPKVPLRA,0/0,0
VRPKVPLRAM,0/0,0
VRSQGENPTW,0/0,0
VRVEDVTNTAEY,0/0,0
VSQGIRQVL,0/0,0
VSQGIRQVLF,0/0,0
VSSCTRMM,0/0,0
VSVRPKVPL,0/0,0
VTAQSRTL,0/0,0
VTAQSRTLL,0/0,0
VTEDLLHLN,0/0,0
VTGIELGPHY,0/0,0
VTIMSELVF,0/0,0
VTIMSGLVF,0/0,0
VTKKLEKEKAIRIFV,0/0,0
VTPDYADI,0/0,0
VTPDYADILL,0/0,0
VTPDYADILLH,0/0,0
VTPNYADI,0/0,0
VTPNYADIL,0/0,0
VTPNYADILL,0/0,0
VTSLIANIDW,0/0,0
VTVFYGVPAW,0/0,0
VTVLDVGDAY,0/0,0
VTWIPEWDF,0/0,0
VTWIPEWDFI,0/0,0
VVKRQQELLRLTVWG,0/0,0
VVPGFQAL,0/0,0
VVPGFQALS,0/0,0
VVPGFQALSEG,0/0,0
VVPRRKAKI,0/0,0
VVPRRKAKII,0/0,0
VWEQWWTDYW,0/0,0
VWQRSWEYW,0/0,0
WAANELDRF,0/0,0
WAISAVKMGLQI,0/0,0
WDAIRFRY,0/0,0
WDAIRFRYCA,0/0,0
WDDPWGEV,0/0,0
WDDPWGEVL,0/0,0
WDDPWGEVLA,0/0,0
WDDPWGEVLAW,0/0,0
WDEWVVEV,0/0,0
WDEWVVEVL,0/0,0
WDFISTPPL,0/0,0
WDFISTPPLV,0/0,0
WDFISTPPLVRLVFN,0/0,0
WDLQHPQPA,0/0,0
WDVFGNWF,0/0,0
WDVFGNWFDL,0/0,0
WDVFGNWFDLA,0/0,0
WEQWWTDY,0/0,0
WEQWWTDYW,0/0,0
WEQWWTDYWQV,0/0,0
WERGTLCKAM,0/0,0
WERKVDFL,0/0,0
WETLRRGGRW,0/0,0
WEYWHDEQGM,0/0,0
WGEVLAWKF,0/0,0
WGSFPGCRPFQNYFSYET,2/2,1
WHKVGKNVYLPPREG,0/0,0
WHLTPEKGW,0/0,0
WIPEWDFI,0/0,0
WIPEWDFIST,0/0,0
WIQLGLQKCV,0/0,0
WKGPGELLW,0/0,0
WKGSPAIF,0/0,0
WKGSPAIFQY,0/0,0
WLECNQTENFKTILVPENEMVN,2/2,1
WLFSNCRTL,0/0,0
WLSTYAVRITW,0/0,0
WLSTYAVRITWYSKN,0/0,0
WNCLPQGFVLSPYIYQKTLQEI,0/0,0
WNNETWQEW,0/0,0
WPNASLTPKW,0/0,0
WQVTWIPEW,0/0,0
WRIPERLERW,0/0,0
WRNATIPLF,0/0,0
WRRDNRRGLRMAKQN,0/0,0
WSMGKEAPQF,0/0,0
WSYFHEAVQAG,0/0,0
WTCSRVIF,0/0,0
WTCSRVIFPL,0/0,0
WTDVTPDC,0/0,0
WTDVTPDY,0/0,0
WTDVTPNY,0/0,0
WTDVTPNYA,0/0,0
WTDYWQVTW,0/0,0
WTEMAEAEY,0/0,0
WTNCRGEF,0/0,0
WTNCRGEFLY,0/0,0
WTVNDIQKL,0/0,0
WTVNDIQKLV,0/0,0
WVPAHKGI,0/0,0
WWAISAVKMGL,0/0,0
WWTDYWQVTW,0/0,0
WWYEGLPQQHYIGLVA,2/2,1
WWYEGLPQQHYIGLVAIGGR,0/0,0
YACRDIGTTKQK,0/0,0
YADILLHSTY,0/0,0
YAVRITWYS,0/0,0
YCKKCCYHCQF,0/0,0
YCKMNWFLNW,0/0,0
YDINQMLNCV,0/0,0
YEAYVRYPEEF,0/0,0
YEENKIIL,0/0,0
YEKKTANK,0/0,0
YELHPDKW,0/0,0
YELQKLNSW,0/0,0
YELQKLNSWDV,0/0,0
YELWPTKW,0/0,0
YELWPTKWKL,0/0,0
YFHEAVQAVW,0/0,0
YFPCFTAGEV,0/0,0
YGGIPGGISTPITQQSEK,2/2,1
YGGIPGGISTPITQQSEKSK,1/1,1
YHCQFCFLKKGLGIC,0/0,0
YIGLVAIGGRLNGSGQSNAI,0/0,0
YIGRALNPGTSHVSMPQYV,0/0,0
YISEKTKGEISQPGAAINEH,0/0,0
YIYKVLPQGW,0/0,0
YKTKDLQKVCY,0/0,0
YKVLPQGW,0/0,0
YLCLIQKALF,0/0,0
YLCLIQKALFMHCKK,0/0,0
YLEKEEGII,0/0,0
YLKDQAQLNAW,0/0,0
YLMHPAQTSQW,0/0,0
YLPPREGDL,0/0,0
YLPPREGDLT,0/0,0
YLQYGWSY,0/0,0
YLQYGWSYF,0/0,0
YMLKHVVWAA,0/0,0
YNCVVQSFGVIGQAHLELPRPNKRIRN,2/2,1
YNLTMKCR,0/0,0
YNPQSQGVV,0/0,0
YNQGQYMNTPW,0/0,0
YNTCYCKKCCY,0/0,0
YPEFVDRLLS,0/0,0
YPEFVDRLLSQI,0/0,0
YPKTFGWLW,0/0,0
YREGRDQLW,0/0,0
YRLELGDY,0/0,0
YRPLEACY,0/0,0
YRPLEACYNT,0/0,0
YRPVFSSPPSY,0/0,0
YSARRHRI,0/0,0
YSARRHRIL,0/0,0
YSARRHRILDI,0/0,0
YSARRHRILDM,0/0,0
YSCENNIGELDGML,0/1,0
YSELALNVTE,0/0,0
YSKNFWTDV,0/0,0
YSTDLVCEQR,0/0,0
YTAFTIPSI,0/0,0
YTAFTLPSV,0/0,0
YTFGPGIRY,0/0,0
YTLGPGIRF,0/0,0
YTLGPGIRY,0/0,0
YTMRHVLEPF,0/0,0
YTPKIVGG,0/0,0
YTPKIVGGI,0/0,0
YTPKIVGGIG,0/0,0
YTPKIVGGIGG,0/0,0
YTSGPGIRF,0/0,0
YTSGPGIRY,0/0,0
YTYEAYARYPEELEASQACQRKRLEEG,0/0,0
YTYEAYVRY,0/0,0
YVPCHIRQI,0/0,0
YVPCHIRQII,0/0,0
YVPHFKVGW,0/0,0
YVPHFKVGWA,0/0,0
YVPHFKVGWAW,0/0,0
YVPHFKVGWAWWTCS,0/0,0
YVVVGVILL,0/0,0
YWHLTPEKGW,0/0,0
YWQVTWIPEW,0/0,0
YYREGRDQLW,0/0,0
AIDKIADDWDNRHPLPNAPL,0/0,0
DRLLSQIKSEGHPQEISKFL,0/0,0
EAFERTWWAISAVKMGLQIN,0/0,0
EDVTQTLSGQEREAFERTWW,0/0,0
EKKTANKKQSEPSEEY,0/0,0
GKASFQLLRAKYEKKTANKK,0/0,0
KDWQLRDVIPLLEDVTQTLS,0/0,0
KVMIGKPKAQNIRQGAKEPY,0/0,0
LTTGNCNWALSLVDLFHDTN,0/0,0
MGDPLTWSKALKKLEKVTVQ,0/0,0
MRHLRPEDTLEEKMYACRDI,0/0,0
NTIQTNGLLNEASQNLFGIL,0/0,0
PGQAGQKQILLDAIDKIADD,0/0,0
PIMIDGAGNRNFRPLTPRGY,0/0,0
PQEISKFLTDTLTIQNANEE,0/0,0
RPLTPRGYTTWVNTIQTNGL,0/0,0
RQGAKEPYPEFVDRLLSQIK,0/0,0
RQWIIEAMSEGIKVMIGKPK,0/0,0
SQNLFGILSVDCTSEEMNAF,0/0,0
TIQNANEECRNAMRHLRPED,0/0,0
TSEEMNAFLDVVPGQAGQKQ,0/0,0
VDLFHDTNFVKEKDWQLRDV,0/0,0
VKMGLQINNVVDGKASFQLL,0/0,0
KKGLQQLQEWEDWVGWIGN,3/4,1
QVVKQPDYLVVPGEVMEYKPRR,2/4,1
CTWQQWERGLQGYD,1/1,1
DVLEATYAMVQHVAK,3/3,1
EAITDRIMLYQE,3/3,1
EDYITLISDPYGFSPIKNVSGVPVTCVTKEFAKW,3/3,1
EFAKWGCQPLGAYPDPEIEYRNVSQEVVKEV,1/2,1
KESAAMTQLAEEQARRIPEVWESLKDVFDWSGWFSWLKYIPIIVVGLLG,1/1,1
PIPVGAEIIPESMKYLRGAKSQYGGIKDKNGELKLPLTL,2/2,1
VCQPLVQIYRTLSTPTYQRVTVIMETRADVAGENQDFGDGLEESDNS,1/1,1
CAADKEILDE,0/0,0
AGRDFWGKVKAK,0/1,0
CKSQRDSYIAGR,0/1,0
CNNSSLDRTGNG,0/1,0
CNNSSLDRTGSG,0/1,0
CSKCNNSSLDRT,0/1,0
CSLPHRNESNKW,0/1,0
CSRCNNSSLDRT,0/1,0
DFWGKVKAKYSC,0/1,0
DFWGRVKAKYSC,0/1,0
DLKCSLPHRNES,0/1,0
DLKCSLPHRNESNKWTCAARRKGSRRDSLYIAGRDFWGR,2/5,1
DRTGNGTLGTVN,0/1,0
DRTGSGTLGTVN,0/1,0
DSLYIAGRDFWG,0/1,0
DSYIAGRDFWGK,0/1,0
ESNKWTCAARRK,0/1,0
ESNKWTCKSQRD,0/1,0
FWGKVKAKYSCE,0/1,0
FWGRVKAKYSCE,0/1,0
GKVKAKYSCESN,0/1,0
GRDFWGKVKAKY,0/1,0
GRDFWGRVKAKY,0/1,0
GRVKAKYSCESN,0/1,0
GSRRDSLYIAGR,0/4,0
HRNESNKWTCAA,0/1,0
HRNESNKWTCKS,0/1,0
IAGRDFWGKVKA,0/1,0
IAGRDFWGRVKA,0/1,0
IYQNCSKCNNSS,0/1,0
IYQNCSRCNNSS,0/1,0
KCNNSSLDRTGN,0/1,0
KCSLPHRNESNK,0/2,0
KGSRR,1/2,1
KSQRDSYIAGRD,0/1,0
KVKAKYSCESNL,0/1,0
KWTCAARRKGSR,0/1,0
KWTCKSQRDSYI,0/1,0
LDRTGNGTLGTV,0/1,0
LDRTGSGTLGTV,0/1,0
LKCSLPHRNESN,0/1,0
LPHRNESNKWTC,0/1,0
LYIAGRDFWGRV,0/1,0
MWNIYQNCSKCN,0/1,0
MWNIYQNCSRCN,0/1,0
NCSKCNNSSLDR,0/1,0
NDLKCSLPHRNE,0/1,0
NESNKWTCAARR,0/1,0
NESNKWTCKSQR,0/1,0
NIYQNCSKCNNS,0/1,0
NIYQNCSRCNNS,0/1,0
NKWTCAARRKGS,0/1,0
NKWTCKSQRDSY,0/1,0
NLKCSLPHRNES,0/1,0
NLKCSLPHRNESNKWTCKSQRDSYIAGRDFWGK,1/1,1
NNLKCSLPHRNE,0/1,0
NNSSLDRTGNGT,0/1,0
NNSSLDRTGSGT,0/1,0
NSSLDRTGNGTL,0/1,0
NSSLDRTGSGTL,0/1,0
PHRNESNKWTCA,0/1,0
PHRNESNKWTCK,0/1,0
QNCSKCNNSSLD,0/1,0
QNCSRCNNSSLD,0/1,0
QRDSYIAGRDFW,0/1,0
RCNNSSLDRTGS,0/1,0
RDFWGKVKAKYS,0/1,0
RDFWGRVKAKYS,0/1,0
RDSYIAGRDFWG,0/1,0
RNESNKWTCKSQ,0/1,0
RRDSLYIAGRDF,0/1,0
RTGNGTLGTVND,0/1,0
RTGSGTLGTVNN,0/1,0
RVKAKYSCESNL,0/1,0
SKCNNSSLDRTG,0/1,0
SLDRTGNGTLGT,0/1,0
SLDRTGSGTLGT,0/1,0
SLPHRNESNKWT,0/1,0
SLYIAGRDFWGR,0/1,0
SNKWTCAARRKG,0/1,0
SNKWTCKSQRDS,0/1,0
SQRDSYIAGRDF,0/1,0
SRCNNSSLDRTG,0/1,0
SRRDSLYIAGRD,0/1,0
SSLDRTGNGTLG,0/1,0
SSLDRTGSGTLG,0/1,0
SYIAGRDFWGKV,0/1,0
TCKSQRDSYIAG,0/1,0
TGNGTLGTVNDL,0/1,0
TGSGTLGTVNNL,0/1,0
TMWNIYQNCSKC,0/1,0
TMWNIYQNCSRC,0/1,0
TTMWNIYQNCSK,0/1,0
TTMWNIYQNCSR,0/1,0
TVNDLK,1/2,1
TVNNLK,2/2,1
VNDLKCSLPHRN,0/1,0
VNNLKCSLPHRN,0/1,0
WGKVKAKYSCES,0/1,0
WGRVKAKYSCES,0/1,0
WNIYQNCSKCNN,0/1,0
WNIYQNCSRCNN,0/1,0
WTCKSQRDSYIA,0/1,0
YIAGRDFWGKVK,0/1,0
YIAGRDFWGRVK,0/1,0
YQNCSKCNNSSL,0/1,0
YQNCSRCNNSSL,0/1,0
ACRDIG,0/1,0
ACRDIGTTKQKMMLL,0/1,0
AFDQFRQTYRQWIIE,1/1,1
AFLDVVPGQAGQKQI,1/1,1
AGNRNFRPLTPRGYT,0/1,0
AGQKQILLDAIDKIA,1/1,1
AIDKIADDWDNRHPL,1/1,1
AKEPYP,0/1,0
AKEPYPEFVDRLLSQ,1/1,1
AMRHLR,0/1,0
AMSEGIKVMIGKPKA,0/1,0
ANEECR,0/1,0
APPQGPIPMTARFIR,0/1,0
CRDIGT,0/1,0
CRNAMR,0/1,0
DDWDNRHPLPNAPLV,1/1,1
DIGTTK,0/1,0
DIGTTKQKMMLLAKA,0/1,0
DNRHPLPNAPLVAPP,0/1,0
DRLLSQ,0/1,0
DRLLSQIKSEGHPQE,1/1,1
DTLEEK,0/1,0
DTLTIQ,0/1,0
DTLTIQNANEECRNA,0/1,0
DVVPGQAGQKQILLD,1/1,1
ECRNAM,1/1,1
EDTLEE,0/1,0
EDTLEEKMYACRDIG,1/1,1
EECRNA,0/1,0
EECRNAMRHLRPEDT,0/1,0
EEKMYA,0/1,0
EFVDRL,0/1,0
EFVDRLLSQIKSEGH,1/1,1
EGHPQE,0/1,0
EGHPQEISKFLTDTL,0/1,0
EGIKVMIGKPKAQNI,0/1,0
EISKFL,1/1,1
EKMYAC,1/1,1
EMNAFLDVVPGQAGQ,1/1,1
EPYPEF,0/1,0
ERQMEPAFDQFRQTY,1/1,1
FIRGLGVPRERQMEP,1/1,1
FLTDTL,1/1,1
FLTDTLTIQNANEEC,0/1,0
FVDRLL,1/1,1
GAKEPY,0/1,0
GHPQEI,1/1,1
GLGVPRERQMEPAFD,1/1,1
GLLNEASQNLFGILS,0/1,0
GTTKQK,0/1,0
GYTTWVNTIQTNGLL,0/1,0
HLRPED,0/1,0
HPLPNAPLVAPPQGP,0/1,0
HPQEIS,0/1,0
IDGAGNRNFRPLTPR,0/1,0
IGKPKAQNIRQGAKE,1/1,1
IGTTKQ,1/1,1
IIEAMSEGIKVMIGK,1/1,1
IKSEGH,0/1,0
IKSEGHPQEISKFLT,1/1,1
ILSVDCTSEEMNAFL,1/1,1
IPMTARFIRGLGVPR,0/1,0
IQNANE,0/1,0
IRQGAK,0/1,0
ISKFLT,1/1,1
ISKFLTDTLTIQNAN,0/1,0
KEPYPE,0/1,0
KFLTDT,0/1,0
KIADDWDNRHPLPNA,1/1,1
KMMLLA,0/1,0
KMYACR,1/1,1
KMYACRDIGTTKQKM,0/1,0
KQILLDAIDKIADDW,1/1,1
KQKMML,0/1,0
KSEGHP,0/1,0
KVMIGKPKAQNIRQG,1/1,1
LEEKMY,0/1,0
LEEKMYACRDIGTTK,1/1,1
LFGILSVDCTSEEMN,1/1,1
LLAKAL,0/1,0
LLDAIDKIADDWDNR,1/1,1
LLSQIK,0/1,0
LRPEDT,0/1,0
LRPEDTLEEKMYACR,1/1,1
LSQIKS,0/1,0
LSQIKSEGHPQEISK,1/1,1
LTDTLT,0/1,0
LTIQNA,0/1,0
MEPAFDQFRQTYRQW,0/1,0
MLLAKA,0/1,0
MMLLAK,0/1,0
MRHLRP,0/1,0
MRHLRPEDTLEEKMY,1/1,1
MYACRD,1/1,1
NAMRHL,1/1,1
NANEEC,0/1,0
NANEECRNAMRHLRP,1/1,1
NEASQNLFGILSVDC,0/1,0
NEECRN,0/1,0
NTIQTNGLLNEASQN,0/1,0
PEDTLE,0/1,0
PEFVDR,0/1,0
PGQAGQKQILLDAID,1/1,1
PIMIDGAGNRNFRPL,0/1,0
PKAQNIRQGAKEPYP,1/1,1
PLVAPPQGPIPMTAR,0/1,0
PNAPLVAPPQGPIPM,0/1,0
PQEISK,0/1,0
PQEISKFLTDTLTIQ,0/1,0
PYPEFV,0/1,0
PYPEFVDRLLSQIKS,0/1,0
QEISKF,0/1,0
QFRQTYRQWIIEAMS,1/1,1
QGAKEP,0/1,0
QGPIPMTARFIRGLG,0/1,0
QIKSEG,0/1,0
QKMMLL,0/1,0
QNANEE,1/1,1
QNIRQGAKEPYPEFV,1/1,1
QTNGLLNEASQNLFG,0/1,0
QTYRQWIIEAMSEGI,1/1,1
RDIGTT,0/1,0
RHLRPE,0/1,0
RLLSQI,0/1,0
RNAMRH,0/1,0
RNAMRHLRPEDTLEE,1/1,1
RNFRPLTPRGYTTWV,1/1,1
RPEDTL,0/1,0
RPLTPRGYTTWVNTI,0/1,0
RQGAKE,0/1,0
RQGAKEPYPEFVDRL,1/1,1
RQWIIEAMSEGIKVM,1/1,1
SEGHPQ,0/1,0
SKFLTD,0/1,0
SQIKSE,0/1,0
SQNLFGILSVDCTSE,0/1,0
TARFIRGLGVPRERQ,0/1,0
TDTLTI,0/1,0
TIQNAN,0/1,0
TIQNANEECRNAMRH,0/1,0
TKQKMM,0/1,0
TLEEKM,0/1,0
TLTIQN,1/1,1
TPRGYTTWVNTIQTN,0/1,0
TSEEMNAFLDVVPGQ,0/1,0
TTKQKM,0/1,0
TTKQKMMLLAKAL,0/1,0
TWVNTIQTNGLLNEA,1/1,1
VDCTSEEMNAFLDVV,1/1,1
VDRLLS,0/1,0
VPRERQMEPAFDQFR,1/1,1
YACRDI,1/1,1
YPEFVD,0/1,0
AFEFMIRNWDEE,0/0,0
DEEVIKNPIQAR,0/0,0
DSRYAFEFMIRN,0/0,0
EFMIRNWDEEVI,0/0,0
MIRNWDEEVIKN,0/0,0
RNWDEEVIKNPI,0/0,0
RYAFEFMIRNWD,0/0,0
WDEEVIKNPIQA,0/0,0
EMPENYAKTRIINRKK,2/2,1
PYEDFAARLLEAIDAE,1/1,1
FYCKMNWFL,0/0,0
LYCKMNWFL,0/0,0
KVRAYTYGVVEMPSNYEQKDRKKRD,1/2,1
RVRAYTYGVIDMPKNYEKTNLNRKK,1/2,1
TGKIPWILLPGR,4/4,1
MMDLSHFLK,0/0,0
AEIIPEAM,0/1,0
AAVKNWMTQTL,0/0,0
LKSLYNTVC,0/0,0
LLHSTYFPC,0/0,0
QAQLNAWGC,0/0,0
SSCIAQDNC,0/0,0
YVMGIITGC,0/0,0
DHQAAMQII,0/0,0
DRFGLAESL,0/0,0
FQYTMRHVL,0/0,0
FRQYTAFTL,0/0,0
IHGQANSDL,0/0,0
NHLPRELIF,0/0,0
THIQQDPAL,0/0,0
THTNGVRLL,0/0,0
VPSLQYLAL,0/0,0
WQIEYIHFL,0/0,0
CTSEEMNAF,0/0,0
DTLEEKMY,0/0,0
ESMGGQTPW,0/0,0
EVLQERLEW,0/0,0
FSYETNRSM,0/0,0
GSFPGCRPF,0/0,0
HTDNGTNF,0/0,0
IAASATMSY,0/0,0
LSGQEREAF,0/0,0
LTPRGYTTW,0/0,0
MTARFIRGL,0/0,0
NTPDSIAQF,0/0,0
TTGGILWWY,0/0,0
VTVQGSQKL,0/0,0
NLDKIAEE,4/4,1
AMANVSTGR,0/0,0
AVMPSAPPM,0/0,0
FTAAEIMGI,0/0,0
KMVSIFMEK,0/0,0
KQRGRIGGM,0/0,0
NAGKFRRAR,0/0,0
RMANVSTGR,0/0,0
TVNGAPQYV,0/0,0
AGTTSSVDEQIQWMY,0/0,0
APLVPTGSENLKSLY,0/0,0
CTPYDINQMLNCVGD,0/0,0
EEEVRRRLTARGLLN,0/0,0
GLDKGLSSLSCEGQK,0/0,0
IPDWQDYTSGPGIRY,0/0,0
KCVRMYNPTNILDVK,0/0,0
LGLQKCVRMYNPTNI,0/0,0
LSEGCTPYDINQMLN,0/0,0
QGQLREPSGSDIAGT,0/0,0
QSPGGLDKGLSSLSC,0/0,0
RRHRILDIYLEKEEG,0/0,0
RRRLTARGLLNMADK,0/0,0
SSVDEQIQWMYRQQN,0/0,0
RMYNPTNIL,0/0,0
SSADEQIQW,0/0,0
SSAEEQIQW,0/0,0
SSVDEQLQW,0/0,0
SSVEEQIQW,0/0,0
SSVEEQLQW,0/0,0
KQGSKE,3/9,1
PGNRAQKE,0/1,0
RPQGKAGHKG,3/9,1
CQKQMDRVLGTRVQQATVEEKMQACR,15/15,1
GNRAQKELIQGKLNEEA,9/9,1
